시도,군구,주소,충전소명,시설구분(대),시설구분(소),기종(대),기종(소),운영기관(대),운영기관(소),급속충전량,충전기타입,이용자제한,위도경도
서울특별시,서초구,서울특별시 서초구 효령로 72길 60,서초지사,공공시설,공공기관,급속,DC콤보,타기관,한국전력,,DC콤보,이용가능,"37.48560466,127.028077"
충청남도,천안시,"충청남도 천안시 서북구 성환읍 천안대로 1853 (매주리, 부영아파트) 302동~304동",성환부영3차아파트,공동주택시설,아파트,완속,AC완속,타기관(보조금),GS차지비,,AC완속,이용가능,"36.903900,127.136000"
전라남도,여수시,전라남도 여수시 웅천로 292,웅천포레스트부영1단지(2022),공동주택시설,아파트,완속,AC완속,타기관(보조금),레드이엔지,,AC완속,이용가능,"34.747,127.687"
경기도,용인시,경기도 용인시 처인구 양지면 양대로 290,금호리조트(주)아시아나CC,상업시설,골프장(CC),완속,AC완속,타기관,채비,,AC완속,이용가능,"37.260944,127.2133465"
경상북도,경산시,경상북도 경산시 진량읍 낙산1길 11-6,한국도로공사 대구지사,공공시설,공공기관,급속,DC콤보,타기관,SK일렉링크,,DC콤보,이용가능,"35.87685,128.814463"
경상남도,창원시,경상남도 창원시 마산회원구 내서읍 삼계5길 30,창원 삼계대동아파트,공동주택시설,아파트,완속,AC완속,타기관(보조금),이카플러그,,AC완속,이용가능,"35.22992963,128.5032571"
경기도,고양시,경기도 고양시 일산서구 고양대로 685,일산1차현대홈타운,공동주택시설,아파트,완속,AC완속,타기관,신세계아이앤씨,,AC완속,이용가능,"37.6844,126.773"
대구광역시,동구,대구광역시 동구 동부로 149,신세계백화점대구점,상업시설,백화점,완속,AC완속,타기관,신세계아이앤씨,,AC완속,이용가능,"35.8795,128.6327"
서울특별시,서초구,서울특별시 서초구 강남대로 465,교보자산신탁(주)(SP),기타시설,기타,완속,AC완속,타기관,파워큐브,,AC완속,이용가능,"37.4884369,127.0398851"
경상남도,합천군,경상남도 합천군 합천읍 충효로 81-13,J모텔,상업시설,숙박시설,완속,AC완속,타기관(보조금),제주전기자동차서비스,,AC완속,이용가능,"35.56751255,128.16048555"
경기도,평택시,경기도 평택시 안중읍 현화중앙길 103,평택현대홈타운3차101동,공동주택시설,아파트,완속,AC완속,타기관(보조금),한국전기차인프라기술,,AC완속,이용가능,"36.9869345,126.9196198"
경기도,시흥시,경기도 시흥시 중심상가로 74,경기시흥 시화대림2단지3,공동주택시설,아파트,완속,AC완속,타기관,에버온,,AC완속,이용가능,"37.349520758,126.72525660"
서울특별시,중구,서울특별시 중구 통일로 10,연세세브란스빌딩(서울역앞),공동주택시설,사업장(사옥),완속,AC완속,타기관,휴맥스이브이,,AC완속,이용가능,"37.557096637,126.97363361"
경기도,이천시,경기도 이천시 설성면 설가로 602,이천시 이천마이다스골프클럽 ,상업시설,골프장(CC),완속,AC완속,타기관(보조금),GS차지비,,AC완속,이용가능,"37.1769248,127.5245449"
인천광역시,연수구,인천광역시 연수구 아트센터대로168번길 101,송도랜드마크푸르지오시티 B3,공동주택시설,아파트,완속,AC완속,타기관(보조금),이지차저,,AC완속,이용가능,"37.4051702,126.6283948"
부산광역시,사하구,부산광역시 사하구 다대낙조2길 100,다대롯데캐슬몰운대(301동-411동),공동주택시설,아파트,완속,AC완속,타기관(보조금),LG유플러스,,AC완속,이용가능,"35.055380,128.964833"
대전광역시,유성구,대전광역시 유성구 엑스포로 325,SK 대덕연구소,기타시설,기타,완속,AC완속,타기관,이브이시스,,AC완속,이용가능,"36.383893076,127.39532509"
경기도,과천시,경기도 과천시 중앙로 294,관문체육공원,관광시설,공원,급속,DC콤보,타기관,한국전력,,DC콤보,이용가능,"37.440692103,126.99848579"
부산광역시,동래구,부산광역시 동래구 쇠미로129번길 62-12,부산새온천화신동영106동,공동주택시설,아파트,완속,AC완속,타기관(보조금),한국전기차인프라기술,,AC완속,이용가능,"35.2045725,129.0602468"
경기도,광명시,경기도 광명시 새터로 44-8,광명아크포레자이위브아파트 2단지,공동주택시설,아파트,완속,AC완속,타기관,휴맥스이브이,,AC완속,이용가능,"37.471718234,126.85471423"
대전광역시,서구,대전광역시 서구 오량1길 98,대신고등학교(대전),교육문화시설,학교,완속,AC완속,타기관,볼타,,AC완속,이용가능,"36.309471,127.378666"
인천광역시,연수구,인천광역시 연수구 센트럴로 415 (송도동),인천연수 힐스테이트송도더테라스 1,공동주택시설,아파트,완속,AC완속,타기관(보조금),에버온,,AC완속,이용가능,"37.4108764,126.6269414"
대전광역시,유성구,대전광역시 유성구 가정로 175,LG생활건강대전캠퍼스,공동주택시설,사업장(사옥),완속,AC완속,타기관,LG유플러스,,AC완속,이용가능,"36.386587,127.362436"
경상남도,창원시,경상남도 창원시 진해구 안청남로 33,녹산코아루아파트,공동주택시설,아파트,완속,AC완속,타기관,휴맥스이브이,,AC완속,이용가능,"35.1010642,128.8067281"
경상남도,거제시,경상남도 거제시 상동7길 30,거제대동다숲 B1 P2 지하주차장,공동주택시설,아파트,완속,AC완속,타기관(보조금),이지차저,,AC완속,이용가능,"34.8694255,128.6317016"
서울특별시,송파구,서울특별시 송파구 위례북로2길 12,서울위례솔중학교,교육문화시설,학교,완속,AC완속,타기관,채비,,AC완속,이용가능,"37.487128,127.150117"
경상남도,진주시,경상남도 진주시 사들로 35,진주시 혁신도시LH8단지,공동주택시설,아파트,완속,AC완속,타기관,GS차지비,,AC완속,이용가능,"35.172938849,128.14606247"
경기도,파주시,경기도 파주시 마무리길 22,파주장안미우1주차장,공동주택시설,아파트,완속,AC완속,타기관(보조금),한국전기차인프라기술,,AC완속,이용가능,"37.761235,126.7785881"
경기도,안산시,경기도 안산시 단원구 적금로 164,안산시 고잔롯데캐슬골드파크,공동주택시설,아파트,완속,AC완속,타기관,GS차지비,,AC완속,이용가능,"37.3224614,126.8268625"
경상북도,예천군,경북 예천군 예천읍 원고개길 49,경도요양병원,근린생활시설,병원,완속,AC완속,타기관(보조금),LG유플러스,,AC완속,이용가능,"36.6383020,128.4592250"
서울특별시,종로구,서울특별시 종로구 통일로18길 9,서울종로 인왕산아이파크 106동,공동주택시설,아파트,완속,AC완속,타기관,에버온,,AC완속,이용가능,"37.5776707,126.955354"
서울특별시,강동구,서울특별시 강동구 고덕로 131,서울시 강동구 강동롯데캐슬,공동주택시설,아파트,완속,AC완속,타기관,GS차지비,,AC완속,이용가능,"37.5551667,127.1438388"
인천광역시,계양구,인천광역시 계양구 오조산공원로 14,홈플러스 계산점,상업시설,마트(쇼핑몰),완속,AC완속,타기관,채비,,AC완속,이용가능,"37.539463999,126.73619899"
경기도,안산시,경기도 안산시 단원구 원고잔로 16,여성회관뒤 공영 주차장,주차시설,공영주차장,급속,급속(100kW단독),환경부,환경부(협회),급속(100kW단독),DC콤보,이용가능,"37.318708,126.828683"
강원특별자치도,삼척시,강원특별자치도 삼척시 중앙로 346,강원대학교(삼척)인공폭포 주차장,교육문화시설,학교,급속,급속(200kW동시),환경부,환경부(협회),급속(200kW동시),DC콤보,이용가능,"37.4512647,129.161271"
경기도,광주시,경기도 광주시 곤지암읍 독고개길 15,한국도로공사 경기광주지사,공공시설,공공기관,급속,DC콤보,타기관,SK일렉링크,,DC콤보,이용가능,"37.35874,127.31675"
서울특별시,구로구,서울특별시 구로구 경인로 662,현대백화점 디큐브시티,상업시설,백화점,완속,AC완속,타기관,현대엔지니어링,,AC완속,이용가능,"37.50881087,126.88952957"
대구광역시,북구,대구광역시 북구 칠곡중앙대로 598,칠곡e편한세상,공동주택시설,아파트,완속,AC완속,타기관,에버온,,AC완속,이용가능,"35.949567138,128.55337618"
충청남도,논산시,충청남도 논산시 노성면 노성로 430,충남논산 창공아파트 1,공동주택시설,아파트,완속,AC완속,타기관(보조금),에버온,,AC완속,이용가능,"36.2763949,127.1121987"
제주특별자치도,제주시,제주특별자치도 제주시 산천단 동3길 2,한국폴리텍대학 제주캠퍼스,교육문화시설,학교,급속,급속(50kW),환경부,환경부(협회),급속(50kW),DC차데모+AC3상+DC콤보,이용가능,"33.4464702,126.5613493"
부산광역시,기장군,부산광역시 기장군 정관읍 정관4로 24,정관동일스위트1차 B2 113동 A02기둥,공동주택시설,아파트,완속,AC완속,타기관(보조금),이지차저,,AC완속,이용가능,"35.3238865,129.1702819"
경상북도,경산시,경상북도 경산시 화랑로 140-10,급속 한국조폐공사 화폐본부,기타시설,기타,급속,DC콤보,타기관,차지인,,DC콤보,이용가능,"35.8278601,128.7684685"
경기도,남양주시,경기도 남양주시 백봉로 32,두산알프하임 P2주차장 지하2층 32번기둥,공동주택시설,아파트,완속,AC완속,타기관(보조금),이지차저,,AC완속,이용가능,"37.652393,127.2543033"
서울특별시,중구,서울특별시 중구 퇴계로 299,파라다이스글로벌서울지점,기타시설,기타,완속,AC완속,타기관(보조금),GS차지비,,AC완속,이용가능,"37.5641322,127.0046651"
강원특별자치도,춘천시,강원특별자치도 춘천시 춘천로 427,합자회사공신,공동주택시설,사업장(사옥),완속,AC완속,타기관(보조금),GS차지비,,AC완속,이용가능,"37.8915553,127.7523634"
충청남도,천안시,충청남도 천안시 서북구 성성6로 111,천안레이크타운푸르지오1차2,공동주택시설,아파트,완속,AC완속,타기관(보조금),한국전기차인프라기술,,AC완속,이용가능,"36.8427297,127.1327278"
경상북도,경산시,경상북도 경산시 경안로 288,홈플러스 경산점,상업시설,마트(쇼핑몰),급속,DC콤보,타기관,채비,,DC콤보,이용가능,"35.832838,128.735649"
울산광역시,남구,울산광역시 남구 번영로 160,제니스병원,근린생활시설,병원,급속,DC콤보,타기관(보조금),휴맥스이브이,,DC콤보,이용가능,"35.5394836,129.3276031"
경기도,고양시,경기도 고양시 일산동구 위시티4로 45,일산자이4단지,공동주택시설,아파트,완속,AC완속,타기관(보조금),GS차지비,,AC완속,이용가능,"37.679619,126.815146"
서울특별시,서초구,서울특별시 서초구 서초중앙로 220,반포래미안아이파크,공동주택시설,아파트,완속,AC완속,타기관,휴맥스이브이,,AC완속,이용가능,"37.501381407,127.01237392"
경기도,파주시,경기도 파주시 문산읍 문향로17번길 15-7,문산휴먼빌아파트,공동주택시설,아파트,완속,AC완속,타기관(보조금),스타코프,,AC완속,이용가능,"37.853513016,126.78514319"
경상북도,안동시,경상북도 안동시 영가로 25,안동웅부공원공영주차장,주차시설,공영주차장,급속,DC콤보,타기관,채비,,DC콤보,이용가능,"36.5653532,128.7329321"
경상남도,진주시,경상남도 진주시 금산면 중장로154번길 47,진주금산두산위브 112동 B1 O10기둥,공동주택시설,아파트,완속,AC완속,타기관(보조금),이지차저,,AC완속,이용가능,"35.218840459,128.14797364"
대전광역시,중구,대전광역시 중구 목중로 80,동서빌딩(송승호),기타시설,기타,완속,AC완속,타기관(보조금),투이스이브이씨,,AC완속,이용가능,"36.339659,127.406986"
경기도,고양시,"경기도 고양시 일산서구 대산로 141 (주엽동, 문촌마을4단지아파트)",문촌삼익아파트,공동주택시설,아파트,완속,AC완속,타기관(보조금),GS차지비,,AC완속,이용가능,"37.674268,126.761765"
경상남도,창원시,경상남도 창원시 진해구 진해대로 762,롯데마트 진해점,상업시설,마트(쇼핑몰),급속,DC콤보,타기관,이브이시스,,DC콤보,이용가능,"35.157630488,128.69907094"
부산광역시,사하구,부산광역시 사하구 을숙도대로 610,롯데마트 사하점,상업시설,마트(쇼핑몰),급속,DC콤보,타기관,이브이시스,,DC콤보,이용가능,"35.0846799,128.9718601"
충청남도,계룡시,충청남도 계룡시 두마면 입암리 57,계룡제1산업단지공용주차장,주차시설,공영주차장,급속,급속(200kW동시),환경부,환경부(협회),급속(200kW동시),DC콤보,이용가능,"36.251741,127.2725466"
경기도,화성시,경기도 화성시 수노을1로 191,송산이지더원레이크뷰,공동주택시설,아파트,완속,AC완속,타기관,휴맥스이브이,,AC완속,이용가능,"37.283390728,126.82248099"
경상북도,포항시,경상북도 포항시 북구 흥해읍 신흥로861번길 12,대홍온천맨션,공동주택시설,빌라,완속,AC완속,타기관(보조금),투이스이브이씨,,AC완속,이용가능,"36.11311760,129.3370345"
서울특별시,성북구,서울특별시 성북구 한천로 713,래미안장위퍼스트하이 B2 239기둥,공동주택시설,아파트,완속,AC완속,타기관(보조금),이지차저,,AC완속,이용가능,"37.6209242,127.0510349"
경기도,김포시,경기도 김포시 청송로 19,김포시 청송현대홈타운3단지,공동주택시설,아파트,완속,AC완속,타기관,GS차지비,,AC완속,이용가능,"37.649268347,126.66805031"
경기도,김포시,경기도 김포시 감암로 11,김포우리병원,근린생활시설,병원,급속,DC차데모+AC3상+DC콤보,타기관,이브이시스,,DC차데모+AC3상+DC콤보,이용가능,"37.6323337,126.7106127"
대구광역시,북구,대구광역시 북구 대현남로6길 20,대현 LH 3단지,공동주택시설,아파트,완속,AC완속,타기관,스타코프,,AC완속,이용가능,"35.880059,128.608497"
서울특별시,강서구,서울특별시 강서구 허준로 76,서울강서 한보구암마을아파트,공동주택시설,아파트,완속,AC완속,타기관,에버온,,AC완속,이용가능,"37.5684142,126.8486573"
경상북도,경산시,경상북도 경산시 청운2로11길 2,조영동공영주차장,주차시설,공영주차장,급속,DC콤보,타기관,SK일렉링크,,DC콤보,이용가능,"35.8422726,128.754766"
경상북도,구미시,경상북도 구미시 도봉로5길 77,도량아이센스,공동주택시설,아파트,완속,AC완속,타기관,휴맥스이브이,,AC완속,이용가능,"36.139177734,128.31878036"
전라남도,나주시,전라남도 나주시 학생운동길 4-1,남외동 공영주차장,주차시설,공영주차장,급속,DC콤보,타기관,한국전력,,DC콤보,이용가능,"35.028377419,126.72071934"
경상남도,양산시,경상남도 양산시 탑골길 270,대운산휴양림,관광시설,공원,완속,AC완속,타기관(보조금),휴맥스이브이,,AC완속,이용가능,"35.417850707,129.20891164"
부산광역시,수영구,부산광역시 수영구 좌수영로 176,센텀수영강변1차e편한세상 102동,공동주택시설,아파트,완속,AC완속,타기관(보조금),에버온,,AC완속,이용가능,"35.179320399364,129.117682982"
강원특별자치도,양양군,강원특별자치도 양양군 손양면 선사유적로 678,쏠비치 양양,상업시설,숙박시설,완속,AC완속,타기관,이지차저,,AC완속,이용가능,"38.0878535,128.6655058"
제주특별자치도,제주시,제주특별자치도 제주시 한경면 용금로 257,클랭블루스테이,상업시설,숙박시설,완속,AC완속,타기관,한국홈충전,,AC완속,이용가능,"33.332265,126.208403"
경기도,고양시,경기도 고양시 일산서구 하이파크3로 61,하이파크시티일산파밀리에4단지,공동주택시설,아파트,완속,AC완속,타기관(보조금),GS차지비,,AC완속,이용가능,"37.697431,126.750488"
전라남도,순천시,전라남도 순천시 연향1로 40,금호아파트,공동주택시설,아파트,완속,AC완속,타기관,GS차지비,,AC완속,이용가능,"34.944718763,127.51958185"
광주광역시,북구,광주광역시 북구 동문대로 152,광주북구 동강빌딩,기타시설,기타,완속,AC완속,타기관(보조금),에버온,,AC완속,이용가능,"35.1760272,126.9280089"
경기도,수원시,"경기도 수원시 영통구 웰빙타운로36번길 46-23 (이의동, e편한세상 TERRACE 광교 East hill)",e편한세상테라스광교이스트힐8406동,공동주택시설,아파트,완속,AC완속,타기관(보조금),에버온,,AC완속,이용가능,"37.30822861635,127.0499091429"
강원특별자치도,춘천시,강원특별자치도 춘천시 평화로,봄내체육관,교육문화시설,경기장,급속,급속(100kW단독),환경부,환경부(협회),급속(100kW단독),DC콤보,이용가능,"37.881336,127.71839"
서울특별시,종로구,서울특별시 종로구 사직로8길 4,서울종로 광화문스페이스본아파트2,공동주택시설,아파트,완속,AC완속,타기관,에버온,,AC완속,이용가능,"37.573980457,126.96894885"
서울특별시,중구,서울특별시 중구 동호로11나길 47,충현공영주차장,주차시설,공영주차장,급속,DC콤보,타기관,SK일렉링크,,DC콤보,이용가능,"37.5521901,127.0056911"
대전광역시,유성구,대전광역시 유성구 국제과학11로 23,아름덴티스트리,기타시설,기타,완속,AC완속,타기관(보조금),GS차지비,,AC완속,이용가능,"36.4608845,127.3612531"
강원특별자치도,춘천시,강원특별자치도 춘천시 동내면 외솔길19번길 80-7,강원춘천 호반베르디움아파트 1,공동주택시설,아파트,완속,AC완속,타기관,에버온,,AC완속,이용가능,"37.858542076,127.75896072"
제주특별자치도,제주시,제주특별자치도 제주시 중앙로 273,나라키움 제주마루 지상1층,공공시설,공공기관,급속,DC콤보,타기관,채비,,DC콤보,이용가능,"33.496280999,126.53266499"
경상남도,창원시,경상남도 창원시 성산구 원이대로773번길 14,BMW차징스테이션 그랜드골프클럽 by동성모터스,상업시설,골프장(CC),급속,DC콤보,타기관,GS차지비,,DC콤보,이용가능,"35.2172098,128.6956991"
서울특별시,서대문구,서울특별시 서대문구 이화여대길 52,서울서대문 이화여대 신촌캠퍼스 3,교육문화시설,학교,완속,AC완속,타기관(보조금),에버온,,AC완속,이용가능,"37.5644100,126.9502657"
서울특별시,중랑구,서울특별시 중랑구 신내로 155,서울중랑구 신내두산화성아파트5,공동주택시설,아파트,완속,AC완속,타기관(보조금),에버온,,AC완속,이용가능,"37.613678027,127.09470080"
전북특별자치도,전주시,전북특별자치도 전주시 완산구 호암로 2,효자휴먼시아 1단지,공동주택시설,아파트,완속,AC완속,타기관,한화솔루션,,AC완속,이용가능,"35.8083393,127.0968366"
경기도,안양시,경기도 안양시 만안구 안양로384번길 35,안양시 이너스내안에아파트,공동주택시설,아파트,완속,AC완속,타기관(보조금),GS차지비,,AC완속,이용가능,"37.4056382,126.9181759"
충청북도,충주시,충청북도 충주시 중앙탑면 원앙4길 51,충주시티자이아파트 4,공동주택시설,아파트,완속,AC완속,타기관(보조금),이카플러그,,AC완속,이용가능,"37.016944452,127.83045409"
강원특별자치도,원주시,강원특별자치도 원주시 무실로 415,무실세영리첼2차아파트,공동주택시설,아파트,완속,AC완속,타기관,휴맥스이브이,,AC완속,이용가능,"37.328552886,127.92950980"
인천광역시,서구,인천광역시 서구 중봉대로 587,홈플러스 인천청라점,상업시설,마트(쇼핑몰),급속,급속(200kW동시),환경부,환경부(협회),급속(200kW동시),DC콤보,이용가능,"37.5324313980961,126.648259288"
대전광역시,유성구,대전광역시 유성구 동서대로 725,대전유성 어울림하트아파트 1,공동주택시설,아파트,완속,AC완속,타기관,에버온,,AC완속,이용가능,"36.333017397,127.3415361"
세종특별자치시,세종특별자치시,세종특별자치시 종합운동장1로 14,코스트코 세종점,상업시설,마트(쇼핑몰),완속,AC완속,타기관(보조금),한국전기차충전서비스,,AC완속,이용가능,"36.467122,127.269885"
경기도,시흥시,경기도 시흥시 경기과기대로 219,길산sst지식산업센터,기타시설,기타,완속,AC완속,타기관(보조금),GS차지비,,AC완속,이용가능,"37.3344486,126.7326531"
광주광역시,서구,광주광역시 서구 천변좌로 264,광주서구 양동금호2차아파트 1,공동주택시설,아파트,완속,AC완속,타기관(보조금),에버온,,AC완속,이용가능,"35.151156846,126.90386851"
서울특별시,용산구,서울특별시 용산구 대사관로 59,순천향대학교 부속 서울병원서별관방면주차장,근린생활시설,병원,급속,DC콤보,타기관,이브이시스,,DC콤보,이용가능,"37.5340297,127.0039882"
전라남도,나주시,전라남도 나주시 문화로 211,한전 KPS 본사 지상주차장,기타시설,기타,급속,DC콤보,타기관,이브이시스,,DC콤보,이용가능,"35.017117887,126.78287315"
경상남도,창원시,경상남도 창원시 마산합포구 구산면 구산로 554 ,구산면사무소,공공시설,주민센터,급속,급속(200kW동시),환경부,환경부(협회),급속(200kW동시),DC콤보,이용가능,"35.119364,128.580546"
전북특별자치도,전주시,전북특별자치도 전주시 완산구 봉곡3길 3-2,타워팰리스,공동주택시설,아파트,완속,AC완속,타기관,차지인,,AC완속,이용가능,"35.8123389,127.0975140"
경기도,시흥시,경기도 시흥시 은계호수로 49,시흥센트럴돔그랑트리캐슬,상업시설,마트(쇼핑몰),완속,AC완속,타기관(보조금),GS차지비,,AC완속,이용가능,"37.4458358,126.8020445"
세종특별자치시,세종특별자치시,세종특별자치시 한누리대로 2130,세종특별자치시청,공공시설,관공서,완속,AC완속,타기관(보조금),한화솔루션,,AC완속,이용가능,"36.4800121,127.2890691"
경기도,수원시,경기도 수원시 영통구 청명남로34번길 21,수원 영통 테라스가든 주차타워4층,기타시설,기타,완속,AC완속,타기관(보조금),한화솔루션,,AC완속,이용가능,"37.2523268,127.076726"
경기도,파주시,경기도 파주시 경의로1240번길 37-1,운정명품프라자3차,상업시설,음식점,완속,AC완속,타기관(보조금),GS차지비,,AC완속,이용가능,"37.7287270,126.7636597"
경기도,수원시,경기도 수원시 영통구 법조로 25,수원시 광교SK뷰레이크타워,공동주택시설,아파트,완속,AC완속,타기관,GS차지비,,AC완속,이용가능,"37.287480889,127.06017844"
전라남도,나주시,전라남도 나주시 남평읍 강변1길 21-31,나주양우내안애리버시티1차,공동주택시설,아파트,완속,AC완속,타기관(보조금),LG유플러스,,AC완속,이용가능,"35.0431866,126.8485291"
부산광역시,사상구,부산광역시 사상구 학감대로123번길 75,부산학장동2차삼성4,공동주택시설,아파트,완속,AC완속,타기관(보조금),한국전기차인프라기술,,AC완속,이용가능,"35.1394146,128.9912481"
제주특별자치도,제주시,제주특별자치도 제주시 명림로 430,제주4·3평화공원,관광시설,공원,급속,DC차데모+AC3상+DC콤보,지자체,제주특별자치도,,DC차데모+AC3상+DC콤보,이용가능,"33.450701,126.62133"
서울특별시,강북구,서울특별시 강북구 도봉로98길 33,서울강북 번동삼성아파트,공동주택시설,아파트,완속,AC완속,타기관(보조금),에버온,,AC완속,이용가능,"37.641299579173,127.031502896"
전라남도,광양시,전라남도 광양시 구마8길 37,동광양중마2주공아파트,공동주택시설,아파트,완속,AC완속,타기관,채비,,AC완속,이용가능,"34.946713183,127.68527828"
서울특별시,송파구,서울특별시 송파구 올림픽로 424,서울시 송파구 올림픽공원남4문주차장,관광시설,공원,완속,AC완속,타기관,GS차지비,,AC완속,이용가능,"37.517521,127.116024"
광주광역시,광산구,광주광역시 광산구 장덕로95번길 16,광주 수완숲안애2차아파트,공동주택시설,아파트,완속,AC완속,타기관,한국전자금융,,AC완속,이용가능,"35.19604,126.82027"
경기도,하남시,경기도 하남시 위례대로 190,위례효성혜링턴,기타시설,기타,완속,AC완속,타기관(보조금),GS차지비,,AC완속,이용가능,"37.4785918,127.1482712"
강원특별자치도,속초시,강원특별자치도 속초시 청호로 22,속초청호아이파크,공동주택시설,아파트,완속,AC완속,타기관,휴맥스이브이,,AC완속,이용가능,"38.192115837,128.59984311"
경기도,시흥시,경기도 시흥시 장현순환로 58,장현호반써밋,공동주택시설,아파트,완속,AC완속,타기관(보조금),휴맥스이브이,,AC완속,이용가능,"37.3767278,126.7959367"
경기도,용인시,경기도 용인시 기흥구 흥덕3로 20,흥덕파밀리에아파트,공동주택시설,아파트,완속,AC완속,타기관(보조금),휴맥스이브이,,AC완속,이용가능,"37.2703016,127.0825558"
경기도,안양시,경기도 안양시 동안구 동안로 162,홈플러스 평촌점,상업시설,마트(쇼핑몰),급속,DC콤보,타기관,이브이시스,,DC콤보,이용가능,"37.3932547,126.9513219"
인천광역시,연수구,인천광역시 연수구 아카데미로 627,인천 송담초등학교,교육문화시설,학교,완속,AC완속,타기관,이카플러그,,AC완속,이용가능,"37.410277004,126.61491976"
부산광역시,강서구,부산광역시 강서구 유통단지1로 41,부산 티플렉스,기타시설,기타,완속,AC완속,타기관,한국전자금융,,AC완속,이용가능,"35.16733,128.95581"
인천광역시,중구,인천광역시 중구 자유무역로 254,인천중구 백마종합물류O4O5,기타시설,기타,완속,AC완속,타기관(보조금),에버온,,AC완속,이용가능,"37.4878821,126.4710609"
경기도,화성시,경기도 화성시 향남읍 향남로 470,화성종합경기타운,기타시설,기타,급속,DC콤보,타기관,SK시그넷,,DC콤보,이용가능,"37.139276,126.922166"
경기도,남양주시,경기도 남양주시 송산로307번길 22,남양주시 별내푸르지오지하2층,공동주택시설,아파트,완속,AC완속,타기관(보조금),GS차지비,,AC완속,이용가능,"37.6690483,127.1298516"
강원특별자치도,원주시,강원특별자치도 원주시 서원대로 311,강원원주 종합운동장,공공시설,공공기관,급속,DC콤보,타기관,에버온,,DC콤보,이용가능,"37.336838062,127.94368698"
서울특별시,송파구,서울특별시 송파구 법원로11길 7,문정현대지식신업센터,기타시설,기타,완속,AC완속,타기관,쿨사인,,AC완속,이용가능,"37.4853545,127.1192266"
서울특별시,강동구,서울특별시 강동구 상암로63길 8,서울 김영진,기타시설,기타,완속,AC완속,타기관(보조금),이카플러그,,AC완속,이용가능,"37.5469225,127.154139"
충청남도,당진시,충청남도 당진시 무수동7길 78,대우이안아파트,공동주택시설,아파트,완속,AC완속,타기관(보조금),LG유플러스,,AC완속,이용가능,"36.8895523,126.6407034"
경기도,평택시,경기도 평택시 상서재로4길 13,평택센트럴자이 2단지,공동주택시설,아파트,완속,AC완속,타기관(보조금),스타코프,,AC완속,이용가능,"37.0161849,127.1023796"
제주특별자치도,제주시,제주특별자치도 제주시 관덕로6길 15,삼도2동주민센터,공공시설,주민센터,완속,AC완속,타기관,그리드위즈,,AC완속,이용가능,"33.5117206,126.5222202"
경기도,파주시,경기도 파주시 탄현면 필승로 200,파주프리미엄아울렛,공동주택시설,사업장(사옥),완속,AC완속,타기관(보조금),신세계아이앤씨,,AC완속,이용가능,"37.7695,126.6963"
울산광역시,울주군,울산광역시 울주군 삼남읍 교동리 1199-2, 울주종합체육공원,주차시설,공원주차장,급속,DC콤보,타기관(보조금),휴맥스이브이,,DC콤보,이용가능,"35.55619419,129.10732023"
경기도,화성시,경기도 화성시 동탄장지천2길 27,훈장골,상업시설,음식점,완속,AC완속,타기관(보조금),매니지온,,AC완속,이용가능,"37.1592502,127.0960235"
강원특별자치도,홍천군,강원특별자치도 홍천군 내촌면 내촌길 27,내촌면사무소,공공시설,주민센터,완속,AC완속,타기관(보조금),에버온,,AC완속,이용가능,"37.8162648,128.0867338"
부산광역시,해운대구,부산광역시 해운대구 센텀남대로 35,신세계백화점센텀시티점,상업시설,백화점,완속,AC완속,타기관,신세계아이앤씨,,AC완속,이용가능,"35.1687,129.1295"
서울특별시,송파구,서울특별시 송파구 위례송파로5길 18,송파 수아주오피스텔,기타시설,오피스텔,완속,AC완속,타기관,한국전자금융,,AC완속,이용가능,"37.48682,127.14304"
경상남도,김해시,경상남도 김해시 삼안로 264,삼방동 화인아파트,공동주택시설,아파트,완속,AC완속,타기관,휴맥스이브이,,AC완속,이용가능,"35.2509499,128.9100852"
경상남도,창원시,경상남도 창원시 마산합포구 구산면 해양관광로 1561,수밭골굴구이,상업시설,음식점,완속,AC완속,타기관,차지인,,AC완속,이용가능,"35.0863767,128.5756569"
경상북도,김천시,경상북도 김천시 운동장길 1,김천시 스포츠타운 공영주차장,주차시설,공영주차장,완속,AC완속,타기관,이브이시스,,AC완속,이용가능,"36.1408331,128.0890701"
경기도,고양시,경기도 고양시 일산동구 탄중로 416,경기고양 중산마을9단지4,공동주택시설,아파트,완속,AC완속,타기관,에버온,,AC완속,이용가능,"37.689316619,126.77965294"
경상남도,밀양시,경상남도 밀양시 산외면 산외로 697-164,경남 밀양수목원,주차시설,일반주차장,급속,DC콤보,타기관,현대엔지니어링,,DC콤보,이용가능,"35.5210413,128.8485875"
서울특별시,금천구,서울특별시 금천구 금하로 793,시흥벽산아파트,공동주택시설,아파트,완속,AC완속,타기관,엘쓰리일렉트릭파워,,AC완속,이용가능,"37.4498981,126.9177590"
경상남도,김해시,경상남도 김해시 신문동 1421 김해농수산물종합유통센타,하나로마트김해점,상업시설,마트(쇼핑몰),급속,DC콤보,타기관,채비,,DC콤보,이용가능,"35.185911,128.835369"
경상남도,창원시,경상남도 창원시 성산구 완암로 50,경남창원 SK테크노파크 7,공동주택시설,사업장(사옥),완속,AC완속,타기관(보조금),에버온,,AC완속,이용가능,"35.2058514,128.6637989"
경상남도,진주시,경상남도 진주시 도동천로 120,상대한보타운 101동 B1 A-1,공동주택시설,아파트,완속,AC완속,타기관(보조금),이지차저,,AC완속,이용가능,"35.1811702,128.1137883"
전북특별자치도,전주시,전북특별자치도 전주시 완산구 태평2길 22,전주시 태평SK뷰아파트,공동주택시설,아파트,완속,AC완속,타기관(보조금),GS차지비,,AC완속,이용가능,"35.8247408,127.1400321"
광주광역시,동구,광주광역시 동구 조선대5길 19,광주 조선대 중앙도서관,교육문화시설,학교,완속,AC완속,타기관,서울씨엔지,,AC완속,이용가능,"35.1418042,126.93241"
인천광역시,연수구,인천광역시 연수구 랜드마크로 68,랜드마크시티센트럴더샵아파트 지하3층 f 04기둥,공동주택시설,아파트,완속,AC완속,타기관(보조금),이지차저,,AC완속,이용가능,"37.415573,126.6183737"
경상북도,군위군,경상북도 군위군 군위읍 경북대로 4082,군위(춘천) 휴게소,휴게시설,고속도로 휴게소,급속,급속(100kW단독),환경부,환경부(협회),급속(100kW단독),DC콤보,이용가능,"36.2658005,128.5768088"
대구광역시,달서구,대구광역시 달서구 달서대로 675,대구 계명문화대학교,공동주택시설,아파트,완속,AC완속,타기관(보조금),한화솔루션,,AC완속,이용가능,"35.859765,128.4909"
경기도,성남시,경기도 성남시 중원구 둔촌대로 107-1,디씨타이어 토탈정비,차량정비시설,정비소,완속,AC완속,타기관,선광시스템,,AC완속,이용가능,"37.42948756,127.13102704"
부산광역시,남구,부산광역시 남구 고동골로97번길 39-12,문현2차현대아파트 205동 9번주차장 B2 5번째기둥,공동주택시설,아파트,완속,AC완속,타기관(보조금),이지차저,,AC완속,이용가능,"35.1479852,129.0734849"
경상북도,구미시,경상북도 구미시 장천면 송백로 229,구미시 구미CC,상업시설,골프장(CC),완속,AC완속,타기관,GS차지비,,AC완속,이용가능,"36.1697302,128.4868751"
전북특별자치도,남원시,전북특별자치도 남원시 시청북로 35,남원 도통지구 주차타워2,주차시설,일반주차장,완속,AC완속,타기관,이카플러그,,AC완속,이용가능,"35.4178281,127.3925689"
경기도,양주시,경기도 양주시 장흥면 수도권제1순환고속도로 58,양주휴게소 (일산방향),휴게시설,고속도로 휴게소,급속,DC콤보,타기관,SK시그넷,,DC콤보,이용가능,"37.679197833,126.91578122"
충청남도,천안시,충청남도 천안시 서북구 성성6로 21,천안시티자이아파트,공동주택시설,아파트,완속,AC완속,타기관,휴맥스이브이,,AC완속,이용가능,"36.841440555,127.12217607"
대구광역시,수성구,대구광역시 수성구 청호로 433,범어효성해링턴플레이스,공동주택시설,아파트,완속,AC완속,타기관(보조금),GS차지비,,AC완속,이용가능,"35.8555472,128.6399031"
부산광역시,기장군,부산광역시 기장군 일광읍 기장대로 673,메가마트 기장점,상업시설,마트(쇼핑몰),급속,DC콤보,타기관,한국전기차인프라기술,,DC콤보,이용가능,"35.2546886,129.2218574"
경기도,여주시,경기도 여주시 세종로 230,여주역금호어울림베르티스 106동,공동주택시설,아파트,완속,AC완속,타기관(보조금),이지차저,,AC완속,이용가능,"37.276662960,127.63399903"
경상북도,김천시,경상북도 김천시 봉산면 경부고속도로 214-1,추풍령(서울)휴게소 (급),휴게시설,고속도로 휴게소,급속,DC콤보,타기관,이지차저,,DC콤보,이용가능,"36.199932368,128.00358508"
서울특별시,마포구,서울특별시 마포구 월드컵북로 501,상암월드컵파크9단지 911동,공동주택시설,아파트,완속,AC완속,타기관(보조금),이지차저,,AC완속,이용가능,"37.5833581,126.8789018"
전라남도,진도군,전라남도 진도군 진도읍 철마길 25,진도군청 주차장,공공시설,관공서,급속,급속(300kW동시),환경부,환경부(협회),급속(300kW동시),DC콤보,이용가능,"34.486307,126.264407"
충청북도,청주시,충청북도 청주시 서원구 산남로62번길 51,청주지방법원,공공시설,공공기관,급속,DC차데모+AC3상+DC콤보,타기관,한국전자금융,,DC차데모+AC3상+DC콤보,이용가능,"36.613775565,127.46689070"
서울특별시,광진구,서울특별시 광진구 광나루로 458,이편한세상광진그랜드파크,공동주택시설,아파트,완속,AC완속,타기관,한화솔루션,,AC완속,이용가능,"37.5440628,127.0810419"
경상남도,진주시,경상남도 진주시 도동천로 120,상대한보타운 103동 B1 1기둥 A-5,공동주택시설,아파트,완속,AC완속,타기관(보조금),이지차저,,AC완속,이용가능,"35.1811702,128.1137883"
경기도,가평군,경기도 가평군 북면 카이저길 75-5,가평군 열호당펜션,상업시설,숙박시설,완속,AC완속,타기관,GS차지비,,AC완속,이용가능,"37.879571577,127.52549173"
경상북도,영천시,경상북도 영천시 청통면 청통로 334-42 (우천리),청통(대구) 휴게소,휴게시설,고속도로 휴게소,급속,급속(50kW),환경부,환경부(협회),급속(50kW),DC차데모+AC3상+DC콤보,이용가능,"35.9938324,128.8600932"
서울특별시,노원구,서울특별시 노원구 한글비석로52길 54,상계신동아아파트,공동주택시설,아파트,완속,AC완속,타기관,스타코프,,AC완속,이용가능,"37.666726720,127.06680893"
경기도,남양주시,경기도 남양주시 와부읍 월문천로 33,롯데마트 덕소점,상업시설,마트(쇼핑몰),급속,DC콤보,타기관,이브이시스,,DC콤보,이용가능,"37.5854235,127.2158514"
경기도,성남시,경기도 성남시 중원구 산성대로408번길 42,중원어린이도서관,근린생활시설,도서관,급속,DC콤보,타기관,한국전력,,DC콤보,이용가능,"37.4476,127.1631"
서울특별시,중랑구,서울특별시 중랑구 망우로 336,코스트코 상봉점,상업시설,마트(쇼핑몰),완속,AC완속,타기관(보조금),한국전기차충전서비스,,AC완속,이용가능,"37.5968,127.0902"
경기도,용인시,경기도 용인시 처인구 이동읍 원천로 11-28,경기 용인시 처인구 이동읍 원천로 11-28 (저압수용가),기타시설,기타,완속,AC완속,타기관,스타코프,,AC완속,이용가능,"37.193798,127.207803"
경상남도,거제시,경상남도 거제시 거제중앙로 1729,기아자동차 상동대리점,공동주택시설,사업장(사옥),급속,DC콤보,타기관,SK일렉링크,,DC콤보,이용가능,"34.874008303,128.63177678"
경기도,수원시,경기도 수원시 영통구 광교중앙로 180,광교효성해링턴타워레이크오피스텔/넥스빌디앤씨㈜,공동주택시설,아파트,완속,AC완속,타기관(보조금),차지인,,AC완속,이용가능,"37.2887359,127.0612502"
인천광역시,중구,인천광역시 중구 샛골로41번길 10,인천 도원체육관,공공시설,지자체시설,완속,AC완속,타기관(보조금),한화솔루션,,AC완속,이용가능,"37.4664967,126.6404183"
울산광역시,울주군,울산광역시 울주군 범서읍 당앞로 96,천상고등학교,교육문화시설,학교,완속,AC완속,타기관,채비,,AC완속,이용가능,"35.565649,129.22211"
경기도,성남시,경기도 성남시 분당구 판교로319번길 13,판교디테라스,기타시설,오피스텔,완속,AC완속,타기관,신세계아이앤씨,,AC완속,이용가능,"37.4038,127.1091"
대구광역시,중구,대구광역시 중구 남산로13길 17,보성황실타운 입구 우측2,공동주택시설,아파트,완속,AC완속,타기관(보조금),이지차저,,AC완속,이용가능,"35.8602284,128.5813195"
인천광역시,연수구,인천광역시 연수구 랜드마크로 68,랜드마크시티센트럴더샵아파트 지하3층 h 04기둥,공동주택시설,아파트,완속,AC완속,타기관(보조금),이지차저,,AC완속,이용가능,"37.4155235,126.6183993"
서울특별시,송파구,서울특별시 송파구 법원로11길 7,문현현대지식산업센터,주차시설,일반주차장,급속,DC콤보,타기관,유한회사 골드에너지,,DC콤보,이용가능,"37.4858,127.1194"
서울특별시,은평구,서울특별시 은평구 백련산로 36,서울은평 백련산힐스테이트3차1,공동주택시설,아파트,완속,AC완속,타기관,에버온,,AC완속,이용가능,"37.5884567,126.9247675"
강원특별자치도,삼척시,강원특별자치도 삼척시 동해대로 4234-1,삼척시 삼척체육관,공공시설,지자체시설,완속,AC완속,타기관,GS차지비,,AC완속,이용가능,"37.456457317,129.17209695"
경기도,고양시,경기도 고양시 덕양구 어울림로 33,고양어울림누리 수영장주차장,공공시설,지자체시설,급속,DC콤보,타기관,SK일렉링크,,DC콤보,이용가능,"37.6484139,126.8346176"
대전광역시,서구,대전광역시 서구 배재로197번길 41,도솔다목적체육관,교육문화시설,경기장,급속,DC콤보,타기관,채비,,DC콤보,이용가능,"36.3256294,127.3678209"
충청남도,아산시,충청남도 아산시 선장면 삼봉산길 188,(주)도고칸트리구락부,상업시설,골프장(CC),완속,AC완속,타기관(보조금),GS차지비,,AC완속,이용가능,"36.7776859,126.8903522"
서울특별시,성동구,서울특별시 성동구 연무장길 83,서울성동무신사캠퍼스E1,공동주택시설,사업장(사옥),완속,AC완속,타기관,한국전기차인프라기술,,AC완속,이용가능,"37.5417146,127.0586658"
전라남도,순천시,전라남도 순천시 녹색로 1641,순천시 청암대학교건강복지관,교육문화시설,학교,급속,DC콤보,타기관,GS차지비,,DC콤보,이용가능,"34.9285878,127.4893142"
경기도,안성시,경기도 안성시 원곡면 남북대로 1201-4,(주)소모에너지 칠곡주유소,상업시설,주유소,급속,급속(100kW단독),환경부,환경부(협회),급속(100kW단독),DC콤보,이용가능,"37.0448306,127.1568403"
인천광역시,중구,인천광역시 중구 인항로 6,정광씨팰리스,기타시설,기타,완속,AC완속,타기관(보조금),LG유플러스,,AC완속,이용가능,"37.457758,126.630753"
서울특별시,은평구,서울특별시 은평구 은평터널로 60,수색진흥엣세벨아파트,공동주택시설,아파트,완속,AC완속,타기관(보조금),차지인,,AC완속,이용가능,"37.5854652,126.9003044"
경기도,의정부시,"경기도 의정부시 부용로 49 (금오동, 주공그린빌)",금오주공그린빌1단지 108동,공동주택시설,아파트,완속,AC완속,타기관(보조금),이지차저,,AC완속,이용가능,"37.7495985,127.0626119"
부산광역시,사상구,부산광역시 사상구 낙동대로 733,롯데마트 사상점,상업시설,마트(쇼핑몰),급속,DC콤보,타기관,이브이시스,,DC콤보,이용가능,"35.1275983,128.9683583"
경상남도,진주시,경상남도 진주시 개양로 100,진주스카이시티프라디움 B2 Y27기둥,공동주택시설,아파트,완속,AC완속,타기관(보조금),이지차저,,AC완속,이용가능,"35.154328,128.1166378"
서울특별시,강서구,서울특별시 강서구 양천로 551-17, 한화비즈메트로1차,기타시설,기타,완속,AC완속,타기관(보조금),LG유플러스,,AC완속,이용가능,"37.559110,126.860941"
경기도,수원시,경기도 수원시 영통구 효원로 363,매탄위브하늘채,공동주택시설,아파트,완속,AC완속,타기관(보조금),LG유플러스,,AC완속,이용가능,"37.261533,127.039524"
서울특별시,강동구,서울특별시 강동구 아리수로97길 19,서울강동 강일리버파크4단지아파트,공동주택시설,아파트,완속,AC완속,타기관,에버온,,AC완속,이용가능,"37.5669952,127.1767913"
경기도,부천시,경기도 부천시 소사로170번길 81,부천시 부천한신아파트,공동주택시설,아파트,완속,AC완속,타기관(보조금),GS차지비,,AC완속,이용가능,"37.474849932,126.80114134"
서울특별시,종로구,서울특별시 종로구 새문안로 82,에스타워,기타시설,기타,완속,AC완속,타기관(보조금),차지인,,AC완속,이용가능,"37.569794648244,126.973931516"
세종특별자치시,세종특별자치시,세종특별자치시 도움1로 74,세종시 가재마을10단지,공동주택시설,아파트,완속,AC완속,타기관,에버온,,AC완속,이용가능,"36.501829326,127.25347285"
경기도,성남시,경기도 성남시 수정구 산성대로437번길 7,경기성남 성남단대푸르지오2,공동주택시설,아파트,완속,AC완속,타기관,에버온,,AC완속,이용가능,"37.450822739,127.15759888"
충청남도,당진시,충청남도 당진시 순성면 가화로 136,당진시 사과랑농어촌관광농원,관광시설,관광지,완속,AC완속,타기관,GS차지비,,AC완속,이용가능,"36.831659263,126.74290206"
광주광역시,서구,"광주광역시 서구 금호운천길 83 (쌍촌동, 상무푸르지오)",광주상무푸르지오아파트,공동주택시설,아파트,완속,AC완속,타기관(보조금),GS차지비,,AC완속,이용가능,"35.1398,126.871"
경기도,수원시,경기도 수원시 장안구 송원로 109-50 ,수원시 조원2동 주민센터,공공시설,주민센터,완속,AC완속,타기관(보조금),GS차지비,,AC완속,이용가능,"37.3056158299,127.0096780573"
대전광역시,서구,대전광역시 서구 둔산북로 160,한마루럭키아파트,공동주택시설,아파트,완속,AC완속,타기관(보조금),스타코프,,AC완속,이용가능,"36.355609544,127.39082998"
경상북도,경산시,경상북도 경산시 하양읍 대학로295길 26,경산하양롯데낙천대2차아파트,공동주택시설,아파트,완속,AC완속,타기관(보조금),GS차지비,,AC완속,이용가능,"35.9098946,128.8208278"
전북특별자치도,군산시,전북특별자치도 군산시 공단대로 566,롯데리아 산북점,상업시설,음식점,완속,AC완속,타기관(보조금),채비,,AC완속,이용가능,"35.970392,126.684262"
충청남도,천안시,충청남도 천안시 서북구 한들3로 35-23,백석2차아이파크,공동주택시설,아파트,완속,AC완속,타기관,휴맥스이브이,,AC완속,이용가능,"36.826361375,127.12169585"
서울특별시,관악구,서울특별시 관악구 청룡10길 45,E편한세상서울대1단지,공동주택시설,아파트,완속,AC완속,타기관,씨어스,,AC완속,이용가능,"37.478396,126.943047"
울산광역시,중구,울산광역시 중구 종가로 400,한국산업안전보건공단,공공시설,공공기관,급속,DC콤보,타기관(보조금),휴맥스이브이,,DC콤보,이용가능,"35.563905,129.320519"
대전광역시,중구,대전광역시 중구 문화동 10-7,문화동 제7공영주차장,주차시설,공영주차장,급속,DC콤보,타기관,채비,,DC콤보,이용가능,"36.3148741,127.4142575"
충청북도,보은군,충청북도 보은군 삼승면 우진리 690,보은군산업단지주차장,주차시설,공영주차장,급속,DC콤보,타기관,채비,,DC콤보,이용가능,"36.4292879,127.7322245"
세종특별자치시,세종특별자치시,세종특별자치시 조치원읍 이화로 5 (신흥리     신흥주공아파트),조치원신흥주공아파트,공동주택시설,아파트,완속,AC완속,타기관(보조금),GS차지비,,AC완속,이용가능,"36.594500,127.292000"
제주특별자치도,서귀포시,제주특별자치도 서귀포시 서호남로 91,서귀포혁신사랑으로부영아파트(2022),공동주택시설,아파트,완속,AC완속,타기관(보조금),레드이엔지,,AC완속,이용가능,"33.253,126.522"
제주특별자치도,제주시,제주특별자치도 제주시 도령로 40,한국전기안전공사 제주지역본부,공동주택시설,사업장(사옥),완속,AC완속,타기관(보조금),채비,,AC완속,이용가능,"33.487949,126.483349"
경기도,부천시,경기도 부천시 옥산로 75,꿈마을동아(ENH),공동주택시설,아파트,완속,AC완속,타기관,이앤에이치에너지,,AC완속,이용가능,"37.50019,126.77992"
광주광역시,동구,광주광역시 동구 금남로 148,에이원타워(금남로),기타시설,기타,완속,AC완속,타기관,GS차지비,,AC완속,이용가능,"35.1532746,126.9100049"
서울특별시,용산구,서울특별시 용산구 서빙고로 17,용산센트럴파크아파트,공동주택시설,아파트,완속,AC완속,타기관,GS차지비,,AC완속,이용가능,"37.525997425,126.96761120"
경상북도,성주군,경상북도 성주군 성주읍 성주순환로2길 68,우신탕 본가,상업시설,음식점,완속,AC완속,타기관,차지인,,AC완속,이용가능,"35.9239113,128.2849319"
경기도,부천시,경기도 부천시 원미구 소향로 165,부천아트센터,기타시설,기타,완속,AC완속,타기관,블루네트웍스,,AC완속,이용가능,"37.502881,126.765951"
강원특별자치도,원주시,강원특별자치도 원주시 무실로 380,원주무실부영사랑으로(2022),공동주택시설,아파트,완속,AC완속,타기관(보조금),레드이엔지,,AC완속,이용가능,"37.327,127.831"
경기도,포천시,경기도 포천시 가산면 너배기길 13,로젠택배 포천지점,기타시설,기타,급속,DC콤보,타기관,엘에스이링크,,DC콤보,이용가능,"37.8235455,127.183135"
제주특별자치도,제주시,"제주특별자치도 제주시 구좌읍 덕평로 365 (덕천리, 덕천리사무소)",덕천리새마을회,공공시설,지자체시설,완속,AC완속,타기관,GS차지비,,AC완속,이용가능,"33.502160,126.771474"
경상남도,밀양시,경상남도 밀양시 산외면 다원길 93,밀양시 k-water 밀양권지사,공공시설,지자체시설,완속,AC완속,타기관(보조금),GS차지비,,AC완속,이용가능,"35.5096705,128.8085333"
전북특별자치도,남원시,전북특별자치도 남원시 소리길 122-8,퀸즈무인호텔,상업시설,숙박시설,완속,AC완속,타기관(보조금),SK일렉링크,,AC완속,이용가능,"35.405769,127.389537"
충청북도,옥천군,충청북도 옥천군 옥천읍 옥천동이로 242-34,옥천(서울) 휴게소,휴게시설,고속도로 휴게소,급속,급속(50kW),환경부,환경부(협회),급속(50kW),DC차데모+AC3상+DC콤보,이용가능,"36.2980694,127.598397"
부산광역시,금정구,부산광역시 금정구 중앙대로1841번길 24,이마트금정점,상업시설,마트(쇼핑몰),완속,AC완속,타기관,신세계아이앤씨,,AC완속,이용가능,"35.2499,129.0906"
서울특별시,은평구,서울특별시 은평구 통일로 630,서울은평_래미안베라힐즈아파트2,공동주택시설,아파트,완속,AC완속,타기관(보조금),에버온,,AC완속,이용가능,"37.602845,126.9359558"
서울특별시,강남구,서울특별시 강남구 영동대로 333 (대치동),서울강남 동원빌딩,공동주택시설,사업장(사옥),완속,AC완속,타기관,에버온,,AC완속,이용가능,"37.5041517,127.0648702"
경기도,하남시,경기도 하남시 미사대로 750,스타필드하남점,상업시설,마트(쇼핑몰),완속,AC완속,타기관(보조금),신세계아이앤씨,,AC완속,이용가능,"37.5455,127.2236"
울산광역시,울주군,울산광역시 울주군 언양읍 샘소3길 25,울주군민체육관,공공시설,지자체시설,완속,AC완속,타기관(보조금),휴맥스이브이,,AC완속,이용가능,"35.555228,129.183246"
대구광역시,동구,대구광역시 동구 송라로16길 11,동대구반도유보라,공동주택시설,아파트,완속,AC완속,타기관,휴맥스이브이,,AC완속,이용가능,"35.875528732,128.61795627"
경기도,용인시,경기도 용인시 수지구 광교중앙로296번길 4,골든풍산리치안오피스텔,기타시설,오피스텔,완속,AC완속,타기관(보조금),이카플러그,,AC완속,이용가능,"37.2960425,127.0696362"
경기도,안양시,경기도 안양시 동안구 엘에스로 35,호계아크로리버,공동주택시설,아파트,완속,AC완속,타기관,휴맥스이브이,,AC완속,이용가능,"37.366672349,126.95558400"
대전광역시,유성구,대전광역시 유성구 테크노중앙로 50,성진자산관리(주) 관평디티비안S,기타시설,오피스텔,완속,AC완속,타기관(보조금),파워큐브,,AC완속,이용가능,"36.4262783,127.3906492"
서울특별시,성동구,서울특별시 성동구 독서당로 272,서울성동 금호동대우아파트12,공동주택시설,아파트,완속,AC완속,타기관,에버온,,AC완속,이용가능,"37.546515844,127.02065167"
경상남도,김해시,경상남도 김해시 번화1로56번길 15,롯데마트 장유점,상업시설,마트(쇼핑몰),급속,DC콤보,타기관,이브이시스,,DC콤보,이용가능,"35.1932463,128.801042"
강원특별자치도,영월군,강원특별자치도 영월군 영월읍 청령포로 133,영월군청 청령포,기타시설,기타,완속,AC완속,타기관(보조금),GS차지비,,AC완속,이용가능,"37.1774461,128.4477685"
서울특별시,서초구,서울특별시 서초구 명달로 45,서울서초_상문고등학교,교육문화시설,학교,완속,AC완속,타기관(보조금),에버온,,AC완속,이용가능,"37.4797554,127.0039168"
부산광역시,기장군,부산광역시 기장군 기장읍 기장해안로 147,롯데프리미엄아울렛 동부산점,상업시설,백화점,완속,AC완속,타기관,이브이시스,,AC완속,이용가능,"35.190242396,129.21136437"
서울특별시,구로구,서울특별시 구로구 디지털로26길 38,서울 구로 지타워 B3F,공동주택시설,아파트,완속,AC완속,타기관,한화솔루션,,AC완속,이용가능,"37.4800314,126.8955875"
서울특별시,광진구,서울특별시 광진구 능동로 69,자양 호반써밋아파트,공동주택시설,아파트,완속,AC완속,타기관,스타코프,,AC완속,이용가능,"37.537841231,127.06899427"
전북특별자치도,장수군,전북특별자치도 장수군 장수읍 신천로 8,장수경찰서,공공시설,공공기관,급속,DC콤보,타기관(보조금),휴맥스이브이,,DC콤보,이용가능,"35.6472886,127.5163189"
충청북도,진천군,충청북도 진천군 덕산읍 대하로 150,우미린스테이아파트,공동주택시설,아파트,완속,AC완속,타기관(보조금),GS차지비,,AC완속,이용가능,"36.9037159,127.5365722"
서울특별시,성북구,서울특별시 성북구 성북로4길 52,돈암동 한신한진아파트111동,공동주택시설,아파트,완속,AC완속,타기관(보조금),에버온,,AC완속,이용가능,"37.5941799,127.0102474"
부산광역시,해운대구,부산광역시 해운대구 세실로 175,부산한마음스포츠센터,기타시설,기타,완속,AC완속,타기관(보조금),GS차지비,,AC완속,이용가능,"35.1803978,129.1766873"
서울특별시,노원구,서울특별시 노원구 중계로8길 20,서울시 노원구 중계현대6차아파트,공동주택시설,아파트,완속,AC완속,타기관,GS차지비,,AC완속,이용가능,"37.645360848,127.08321810"
울산광역시,남구,울산광역시 남구 남부순환도로 180,문수월드컵경기장 (스쿼시장),교육문화시설,경기장,완속,AC완속,타기관(보조금),휴맥스이브이,,AC완속,이용가능,"35.533926459,129.26518109"
충청남도,아산시,충청남도 아산시 중앙로 40,온양2동사무소,공공시설,주민센터,완속,AC완속,타기관(보조금),GS차지비,,AC완속,이용가능,"36.77839,127.00344"
경기도,수원시,경기도 수원시 영통구 봉영로 1432-36,경기수원 e편한세상영통2차2단지1,공동주택시설,아파트,완속,AC완속,타기관,에버온,,AC완속,이용가능,"37.240775165,127.06598732"
충청북도,청주시,충청북도 청주시 상당구 수영로 378,호미골체육공원,관광시설,공원,급속,DC콤보,타기관,이브이시스,,DC콤보,이용가능,"36.6332132,127.5142767"
경기도,양주시,경기도 양주시 고읍북로 91-13,마스터종합정비,기타시설,기타,완속,AC완속,타기관,쿨사인,,AC완속,이용가능,"37.7951195,127.0876897"
강원특별자치도,춘천시,강원특별자치도 춘천시 동면 춘천로 575,춘천시 수향모텔,상업시설,숙박시설,완속,AC완속,타기관,GS차지비,,AC완속,이용가능,"37.898258874,127.76667673"
강원특별자치도,동해시,강원특별자치도 동해시 평릉길 1,동해시 동해현진관광호텔,상업시설,숙박시설,완속,AC완속,타기관,GS차지비,,AC완속,이용가능,"37.5263012,129.1030591"
부산광역시,사상구,부산광역시 사상구 괘감로 37,산업용품유통상가,기타시설,기타,완속,AC완속,타기관(보조금),스타코프,,AC완속,이용가능,"35.1597552,128.9804344"
전라남도,나주시,전라남도 나주시 왕곡면 덕산리 594-2,나주시농업기술센터,공공시설,지자체시설,급속,급속(200kW동시),환경부,환경부(협회),급속(200kW동시),DC콤보,이용가능,"34.965881,126.672053"
인천광역시,연수구,인천광역시 연수구 랜드마크로 113,이편한세상송도,공동주택시설,아파트,완속,AC완속,타기관(보조금),GS차지비,,AC완속,이용가능,"37.4134476,126.6177017"
경기도,용인시,경기도 용인시 수지구 푸른솔로 56,경기용인 꽃메마을현대홈타운,공동주택시설,아파트,완속,AC완속,타기관(보조금),에버온,,AC완속,이용가능,"37.324765801902,127.116012686"
경기도,화성시,경기도 화성시 봉담읍 와우로 51,휴먼빌아파트(화성시),공동주택시설,아파트,완속,AC완속,타기관(보조금),휴맥스이브이,,AC완속,이용가능,"37.214045291,126.97144682"
경상남도,창원시,경상남도 창원시 성산구 두대로 165,경일고등학교,교육문화시설,학교,완속,AC완속,타기관,이지차저,,AC완속,이용가능,"35.226209394,128.66028639"
부산광역시,북구,부산광역시 북구 함박봉로140번길 20,만덕상록한신휴플러스,공동주택시설,아파트,완속,AC완속,타기관(보조금),LG유플러스,,AC완속,이용가능,"35.204079,129.032994"
경기도,파주시,경기도 파주시 문발로 430,경기파주 파주출판LH1단지,공동주택시설,아파트,완속,AC완속,타기관,에버온,,AC완속,이용가능,"37.730092453,126.69244932"
대전광역시,동구,대전광역시 동구 동부로 138,대전용운국제수영장,교육문화시설,경기장,급속,DC콤보,타기관,채비,,DC콤보,이용가능,"36.325191,127.466562"
경상남도,창원시,경상남도 창원시 의창구 북면 천주로1150번길 15-2,더엘홀딩스주식회사,기타시설,기타,완속,AC완속,타기관(보조금),파워큐브,,AC완속,이용가능,"35.352118705445,128.610732260"
경상북도,경산시,경상북도 경산시 하양읍 지식산업4로 162,거성인더스,기타시설,기타,완속,AC완속,타기관,SK일렉링크,,AC완속,이용가능,"35.93702981,128.8204919"
서울특별시,은평구,서울특별시 은평구 백련산로2길 19,백련산힐스테이트1차,공동주택시설,아파트,완속,AC완속,타기관,스타코프,,AC완속,이용가능,"37.592476838,126.92526950"
서울특별시,강남구,서울특별시 강남구 삼성로51길 11,강남학원,교육문화시설,학원,완속,AC완속,타기관(보조금),GS차지비,,AC완속,이용가능,"37.4962942,127.0606031"
제주특별자치도,제주시,제주특별자치도 제주시 애월읍 고내로13길 76-20,애월포세이돈,상업시설,숙박시설,급속,DC차데모+DC콤보,타기관,모던텍,,DC차데모+DC콤보,이용가능,"33.4689,126.3485"
경기도,성남시,경기도 성남시 분당구 금곡로 171,현대노블리스,기타시설,기타,완속,AC완속,타기관(보조금),한국전기차충전서비스,,AC완속,이용가능,"37.349265,127.119324"
전라남도,무안군,전라남도 무안군 삼향읍 유교리 645-1,진성원,근린생활시설,복지관,급속,급속(100kW단독),환경부,환경부(협회),급속(100kW단독),DC콤보,이용가능,"34.8507653,126.4410961"
대구광역시,북구,대구광역시 북구 노원로48길 7-28,선경정밀,기타시설,기타,완속,AC완속,타기관(보조금),투이스이브이씨,,AC완속,이용가능,"35.900064,128.586208"
서울특별시,송파구,서울특별시 송파구 동남로 341,송파레미니스2단지(2022),공동주택시설,아파트,완속,AC완속,타기관(보조금),레드이엔지,,AC완속,이용가능,"37.506,127.138"
부산광역시,해운대구,부산광역시 해운대구 좌동순환로 511,이마트해운대점,상업시설,마트(쇼핑몰),완속,AC완속,타기관,신세계아이앤씨,,AC완속,이용가능,"35.1659,129.1674"
경기도,광명시,경기도 광명시 광명역로 28,경기광명 광명역센트럴자이오피스텔상가 2,기타시설,오피스텔,완속,AC완속,타기관(보조금),에버온,,AC완속,이용가능,"37.4178913,126.8885123"
세종특별자치시,세종특별자치시,"세종특별자치시 보듬3로 7 (도담동, 도램마을8단지)",도램마을8단지,공동주택시설,아파트,완속,AC완속,타기관(보조금),GS차지비,,AC완속,이용가능,"36.512200,127.259000"
경기도,수원시,경기도 수원시 영통구 봉영로 1617,훼미리타워 입주자대표회의,공동주택시설,아파트,완속,AC완속,타기관(보조금),차지인,,AC완속,이용가능,"37.2555521,127.0743041"
경기도,여주시,경기도 여주시 농산로 71,여주시 농업기술센터,공공시설,공공기관,급속,DC차데모+AC3상+DC콤보,타기관,GS차지비,,DC차데모+AC3상+DC콤보,이용가능,"37.253769,127.637748"
경상남도,창원시,"경상남도 창원시 진해구 명동580, 좌측 주차장",명동노외공영주차장(노외주차장),주차시설,공영주차장,급속,급속(100kW동시),환경부,환경부(협회),급속(100kW동시),DC차데모+AC3상+DC콤보,이용가능,"35.101616,128.717602"
경상북도,경주시,경상북도 경주시 강동면 동해대로 166-7,경주 위덕삼성타운(저압),공동주택시설,아파트,완속,AC완속,타기관(보조금),한국전자금융,,AC완속,이용가능,"36.007116,129.2858739"
경상북도,영주시,경상북도 영주시 지천로 46,경북영주 휴천현대1차아파트4,공동주택시설,아파트,완속,AC완속,타기관(보조금),에버온,,AC완속,이용가능,"36.803926982,128.62051753"
부산광역시,기장군,부산광역시 기장군 기장읍 기장해안로 147,롯데프리미엄아울렛 동부산점,상업시설,백화점,완속,AC완속,타기관,이브이시스,,AC완속,이용가능,"35.190242396,129.21136437"
서울특별시,강남구,"서울특별시 강남구 삼성로 151 (대치동, 선경아파트)",서울강남 대치선경2차아파트 1,공동주택시설,아파트,완속,AC완속,타기관,에버온,,AC완속,이용가능,"37.4931550,127.0630000"
전라남도,순천시,"전라남도 순천시 연향중앙상가길 41 (연향동, 현대아파트)",전남순천 연향현대2차아파트 1,공동주택시설,아파트,완속,AC완속,타기관(보조금),에버온,,AC완속,이용가능,"34.9502474,127.5202197"
대구광역시,수성구,대구광역시 수성구 동대구로 300,대구수성 범어롯데캐슬 2,공동주택시설,아파트,완속,AC완속,타기관(보조금),에버온,,AC완속,이용가능,"35.856484575,128.62666896"
경기도,가평군,경기도 가평군 설악면 미사리로540번길 51,가평휴게소(춘천방향) E-pit,휴게시설,고속도로 휴게소,급속,DC콤보,타기관,현대자동차,,DC콤보,이용가능,"37.703042057,127.54627845"
경기도,성남시,경기도 성남시 분당구 판교로 723,분당테크노파크B동,기타시설,기타,완속,AC완속,타기관(보조금),GS차지비,,AC완속,이용가능,"37.4056233,127.1538312"
경기도,시흥시,경기도 시흥시 거북섬로 120,시화MTV 6블럭 주차장 급속충전소,기타시설,기타,급속,DC콤보,타기관,이카플러그,,DC콤보,이용가능,"37.320986282,126.67868456"
경상북도,안동시,경상북도 안동시 풍천면 검무로 4-8,중앙타워,기타시설,기타,완속,AC완속,타기관(보조금),한국전기차충전서비스,,AC완속,이용가능,"36.576153,128.493106"
충청북도,충주시,충청북도 충주시 충원대로 268,건국대학교 국제교육관 K2동,교육문화시설,학교,완속,AC완속,타기관(보조금),이지차저,,AC완속,이용가능,"36.9504196,127.9072226"
광주광역시,서구,광주광역시 서구 시청로 64,광주 상무영무예다음아파트,공동주택시설,아파트,완속,AC완속,타기관,한국전자금융,,AC완속,이용가능,"35.15428,126.85223"
서울특별시,강남구,서울특별시 강남구 영동대로138길 12,청담자이아파트,공동주택시설,아파트,완속,AC완속,타기관,스타코프,,AC완속,이용가능,"37.524101472,127.05724978"
서울특별시,동작구,서울특별시 동작구 등용로 127,서울동작 대방현대아파트4,공동주택시설,아파트,완속,AC완속,타기관,에버온,,AC완속,이용가능,"37.512694321,126.93126097"
서울특별시,마포구,서울특별시 마포구 마포대로20길 26,서울시 마포구 삼성래미안공덕2차,공동주택시설,아파트,완속,AC완속,타기관,GS차지비,,AC완속,이용가능,"37.551585906,126.95888352"
광주광역시,북구,광주광역시 북구 서하로 120,광주 용봉삼성아파트 지하주차장,공동주택시설,아파트,완속,AC완속,타기관(보조금),에버온,,AC완속,이용가능,"35.186395215857,126.893378061"
서울특별시,성북구,서울특별시 성북구 아리랑로19길 60,정릉중앙하이츠빌1단지아파트,공동주택시설,아파트,완속,AC완속,타기관(보조금),스타코프,,AC완속,이용가능,"37.6021738,127.0100332"
경기도,고양시,경기도 고양시 일산동구 숲속마을1로 115,경기고양 풍동숲속마을8단지1주차장,공동주택시설,아파트,완속,AC완속,타기관(보조금),에버온,,AC완속,이용가능,"37.671688620831,126.799643249"
경기도,성남시,경기도 성남시 분당구 구미로173번길 59,성남장애인고용공단본부,공공시설,지자체시설,완속,AC완속,타기관(보조금),에버온,,AC완속,이용가능,"37.348441,127.1234302"
경기도,평택시,경기도 평택시 지제동삭1로 91,힐스테이트지제역,공동주택시설,아파트,완속,AC완속,타기관(보조금),스타코프,,AC완속,이용가능,"37.0219837,127.0791751"
광주광역시,북구,광주광역시 북구 무등로137번길 22-6,빛고을운수(운수사 전용),공동주택시설,사업장(사옥),급속,DC콤보,타기관,SK일렉링크,,DC콤보,이용가능,"35.1677591,126.8995208"
경기도,양평군,경기도 양평군 용문면 어수길 100,경기양평 다문지구반도유보라아이비파크 2 (급속완속콘센트),공동주택시설,아파트,완속,AC완속,타기관,에버온,,AC완속,이용가능,"37.479937201,127.59643921"
강원특별자치도,강릉시,강원특별자치도 강릉시 명주로 31,해람중학교옆 공영주차장,주차시설,일반주차장,급속,DC차데모+AC3상+DC콤보,타기관,한국전력,,DC차데모+AC3상+DC콤보,이용가능,"37.75298355698,128.8895857720"
경기도,화성시,경기도 화성시 동탄대로4길 17,금호어울림레이크아파트 입주자대표회의,공동주택시설,아파트,완속,AC완속,타기관(보조금),차지인,,AC완속,이용가능,"37.16315598,127.1078625"
경기도,화성시,경기도 화성시 수노을중앙로 293,송산 모아미래도,공동주택시설,아파트,완속,AC완속,타기관,에버온,,AC완속,이용가능,"37.275830250,126.82767609"
경상북도,김천시,경상북도 김천시 혁신1로 81,김천한신휴시티오피스텔,상업시설,숙박시설,완속,AC완속,타기관(보조금),SK일렉링크,,AC완속,이용가능,"36.115828,128.179502"
전북특별자치도,고창군,전북특별자치도 고창군 심원면 애향갯벌로 70,동호레져(INO),기타시설,기타,완속,AC완속,타기관(보조금),이노케이텍,,AC완속,이용가능,"35.51599105,126.50230885"
경기도,의정부시,경기도 의정부시 금신로 276,e편한세상신곡포레스타뷰 105동 B2,공동주택시설,아파트,완속,AC완속,타기관(보조금),이지차저,,AC완속,이용가능,"37.7432188,127.0681177"
경상북도,영덕군,경상북도 영덕군 영덕읍 해맞이길 225,영덕창포해맞이축구장,교육문화시설,경기장,급속,DC콤보,타기관,채비,,DC콤보,이용가능,"36.424849631,129.41983144"
서울특별시,노원구,서울특별시 노원구 공릉로 126,서울노원 공릉두산힐스빌아파트2,공동주택시설,아파트,완속,AC완속,타기관,에버온,,AC완속,이용가능,"37.620245667,127.08026701"
서울특별시,용산구,서울특별시 용산구 한남대로 91,서울 용산 나인원한남 B3F,기타시설,기타,완속,AC완속,타기관,한화솔루션,,AC완속,이용가능,"37.5364406,127.0034707"
서울특별시,중구,서울특별시 중구 동호로11나길 47,충현 공영주차장,주차시설,공영주차장,완속,AC완속,타기관,스타코프,,AC완속,이용가능,"37.552182540,127.00570063"
경기도,수원시,경기도 수원시 권선구 권선로381번길 1,5th아베뉴,기타시설,기타,완속,AC완속,타기관,GS차지비,,AC완속,이용가능,"37.271109100,126.99389050"
서울특별시,성북구,서울특별시 성북구 보국문로 188,대진여객,기타시설,기타,급속,DC콤보,타기관,펌프킨,,DC콤보,이용가능,"37.6176879,127.000675"
강원특별자치도,원주시,강원특별자치도 원주시 지정면 무릉로 43,팬더프라자,기타시설,기타,완속,AC완속,타기관,한화솔루션,,AC완속,이용가능,"37.374981,127.8777633"
인천광역시,동구,인천광역시 동구 방축로37번길 30,인천산업용품유통센터(1단지),기타시설,기타,완속,AC완속,타기관,코콤,,AC완속,이용가능,"37.486197916,126.65275119"
경기도,용인시,"경기도 용인시 수지구 정평로 89 (풍덕천동, 신정마을현대프라임아파트)",신정마을현대프라임3,공동주택시설,아파트,완속,AC완속,타기관(보조금),에버온,,AC완속,이용가능,"37.32333765515,127.0901692128"
경기도,광명시,경기도 광명시 철산로 3-13,광명지사(공용),기타시설,사업장(사옥),급속,DC콤보,타기관,한국전력,,DC콤보,이용가능,"37.476725,126.866303"
서울특별시,송파구,서울특별시 송파구 잠실로 209,서울시 송파구 케이티송파타워,공동주택시설,사업장(사옥),완속,AC완속,타기관,GS차지비,,AC완속,이용가능,"37.513871074,127.10636439"
경기도,성남시,경기도 성남시 수정구 수정로366번길 7,산성역 환승주차장,주차시설,환승주차장,급속,DC콤보,타기관(보조금),한국전기차충전서비스,,DC콤보,이용가능,"37.456663243,127.15072140"
부산광역시,동래구,부산광역시 동래구 충렬사로 81,부산시 동래구 국제파크아파트,공동주택시설,아파트,완속,AC완속,타기관,GS차지비,,AC완속,이용가능,"35.2057978,129.1002258"
인천광역시,중구,인천광역시 중구 공항문화로 127 (운서동),인천중구 인스파이어 옥외주차장 2_미사용,공동주택시설,사업장(사옥),완속,AC완속,타기관,에버온,,AC완속,이용가능,"37.4655301,126.3891177"
서울특별시,은평구,서울특별시 은평구 수색로 342-1,현대자동차 수색대리점,차량정비시설,서비스센터,급속,급속(50kW),환경부,환경부(협회),급속(50kW),DC차데모+AC3상+DC콤보,이용가능,"37.5867665,126.8880299"
대전광역시,서구,대전광역시 서구 둔산대로 135,대전시립연정국악원 주차장,주차시설,일반주차장,급속,DC차데모+AC3상+DC콤보,타기관,한국전력,,DC차데모+AC3상+DC콤보,이용가능,"36.36535851220,127.3862894772"
경기도,포천시,경기도 포천시 영북면 영북로 166,경기포천 영북면사무소,공공시설,주민센터,완속,AC완속,타기관(보조금),에버온,,AC완속,이용가능,"38.0892933,127.2756357"
제주특별자치도,제주시,제주특별자치도 제주시 금월길 72,아라루채빌,공동주택시설,아파트,완속,AC완속,타기관,선광시스템,,AC완속,이용가능,"33.48267222,126.55280901"
경기도,안양시,"경기도 안양시 동안구 호계동 1053-4 목련 동아,경남아파트",평촌목련8단지  ,공동주택시설,아파트,완속,AC완속,타기관(보조금),클린일렉스,,AC완속,이용가능,"37.38496,126.95366"
충청북도,청주시,충청북도 청주시 청원구 내덕로8번길 17,모텔큐,상업시설,숙박시설,완속,AC완속,타기관,이브이루씨,,AC완속,이용가능,"36.6548972,127.4826597"
인천광역시,계양구,인천광역시 계양구 봉오대로 668,인천계양 전주이씨효령대군파영신군종회 영신빌딩,공동주택시설,사업장(사옥),완속,AC완속,타기관(보조금),에버온,,AC완속,이용가능,"37.5296271,126.7232062"
경기도,화성시,경기도 화성시 향남읍 상신리 906-10 대웅제약,대웅제약,기타시설,기타,완속,AC완속,타기관(보조금),씨어스,,AC완속,이용가능,"37.0877219,126.905319"
서울특별시,중구,서울특별시 중구 만리재로 175,서울 중구 서울역센트럴자이,공동주택시설,아파트,완속,AC완속,타기관(보조금),한화솔루션,,AC완속,이용가능,"37.5549829,126.9631642"
경기도,성남시,경기도 성남시 분당구 대왕판교로 670,유스페이스2,공동주택시설,사업장(사옥),완속,AC완속,타기관(보조금),GS차지비,,AC완속,이용가능,"37.4020464,127.1068942"
경기도,용인시,경기도 용인시 수지구 만현로133번길 33,경기용인 상현엘지자이아파트10,공동주택시설,아파트,완속,AC완속,타기관,에버온,,AC완속,이용가능,"37.304786685,127.09079293"
서울특별시,중랑구,서울특별시 중랑구 숙선옹주로 45,e-편한세상 화랑대아파트,공동주택시설,아파트,완속,AC완속,타기관,스타코프,,AC완속,이용가능,"37.616412,127.083185"
부산광역시,해운대구,부산광역시 해운대구 삼어로 55,센텀SK뷰아파트 P4주차장 109동 B1 64기둥,공동주택시설,아파트,완속,AC완속,타기관(보조금),이지차저,,AC완속,이용가능,"35.2027987,129.1152448"
경상남도,김해시,경상남도 김해시 진영읍 진영로454번길 68,김해시 황금빛,공동주택시설,사업장(사옥),완속,AC완속,타기관,GS차지비,,AC완속,이용가능,"35.293824718,128.75565136"
경기도,시흥시,경기도 시흥시 배곧3로 27-8,경기시흥 호반베르디움센트럴파크 805동,공동주택시설,아파트,완속,AC완속,타기관,에버온,,AC완속,이용가능,"37.374345454,126.72784183"
충청남도,서산시,충청남도 서산시 부석면 간월도1길 89,간월도 공영주차장,주차시설,공영주차장,급속,DC콤보,타기관,채비,,DC콤보,이용가능,"36.607467658,126.41566128"
경상북도,포항시,경상북도 포항시 북구 흥해읍 동해대로 1513,흥해체육관,공공시설,지자체시설,급속,DC콤보,타기관(보조금),레드이엔지,,DC콤보,이용가능,"36.1075,129.341"
서울특별시,용산구,서울특별시 용산구 새창로 70,도원삼성래미안아파트,공동주택시설,아파트,완속,AC완속,타기관,스타코프,,AC완속,이용가능,"37.538603053,126.95494349"
충청남도,아산시,충청남도 아산시 탕정면 탕정로 320,충남아산삼성디스플레이5,기타시설,기타,완속,AC완속,타기관,한국전기차인프라기술,,AC완속,이용가능,"36.8171027,127.0558358"
부산광역시,해운대구,부산광역시 해운대구 센텀남대로 35,신세계백화점센텀시티점,상업시설,백화점,완속,AC완속,타기관,신세계아이앤씨,,AC완속,이용가능,"35.1687,129.1295"
대전광역시,대덕구,대전광역시 대덕구 대덕대로 1397,(사)대덕산업단지관리공단,공동주택시설,사업장(사옥),완속,AC완속,타기관(보조금),SK일렉링크,,AC완속,이용가능,"36.445958,127.404572"
서울특별시,서대문구,서울특별시 서대문구 성산로20길 9,서대문동우체국,공공시설,공공기관,완속,AC완속,타기관,이지차저,,AC완속,이용가능,"37.5608435,126.932091"
경기도,용인시,경기도 용인시 기흥구 사은로84번길 10,보라해링턴플레이스아파트,공동주택시설,아파트,완속,AC완속,타기관,신세계아이앤씨,,AC완속,이용가능,"37.2542,127.1148"
서울특별시,도봉구,서울특별시 도봉구 방학로11길 10,방학한화성원아파트,공동주택시설,아파트,완속,AC완속,타기관(보조금),GS차지비,,AC완속,이용가능,"37.6608822,127.0318328"
경기도,고양시,경기도 고양시 덕양구 덕수천1로 37,고양삼송마을1813동,공동주택시설,아파트,완속,AC완속,타기관(보조금),한국전기차인프라기술,,AC완속,이용가능,"37.6479597,126.8785182"
대전광역시,유성구,대전광역시 유성구 죽동로279번길 101,죽동프라자,기타시설,기타,완속,AC완속,타기관(보조금),GS차지비,,AC완속,이용가능,"36.3725767,127.3390571"
강원특별자치도,양양군,강원특별자치도 양양군 강현면 동해대로 3457,코레일 낙산연수원 주차장,주차시설,일반주차장,완속,AC완속,타기관,SK일렉링크,,AC완속,이용가능,"38.1459343,128.6099464"
강원특별자치도,강릉시,강원특별자치도 강릉시 해안로 536,라카이리조트,상업시설,숙박시설,완속,AC완속,타기관(보조금),GS차지비,,AC완속,이용가능,"37.805312129,128.90434178"
충청남도,금산군,충청남도 금산군 금산읍 인삼로 14,금산교육지원청,공공시설,관공서,급속,DC콤보,타기관,블루네트웍스,,DC콤보,이용가능,"36.1035148,127.483322"
충청북도,음성군,충청북도 음성군 감곡면 중간말길 7-9,음성 제일가든,기타시설,기타,완속,AC완속,타기관,이브이파킹서비스,,AC완속,이용가능,"37.11155817,127.69574285"
인천광역시,연수구,인천광역시 연수구 해돋이로 107,더샵퍼스트월드,공동주택시설,아파트,완속,AC완속,타기관(보조금),LG유플러스,,AC완속,이용가능,"37.392535,126.647994"
충청남도,천안시,충청남도 천안시 서북구 두정역길 48,충남천안 두정역푸르지오4,공동주택시설,아파트,완속,AC완속,타기관(보조금),에버온,,AC완속,이용가능,"36.833219677,127.15121225"
경기도,수원시,경기도 수원시 장안구 이목로 24,수원SK스카이뷰아파트 113동 B1,공동주택시설,아파트,완속,AC완속,타기관(보조금),이지차저,,AC완속,이용가능,"37.307109586,126.98456330"
경기도,안산시,경기도 안산시 단원구 원포공원2로 6,위너스오션파크,공동주택시설,사업장(사옥),완속,AC완속,타기관(보조금),GS차지비,,AC완속,이용가능,"37.3010758,126.8104542"
부산광역시,사상구,부산광역시 사상구 학감대로 117,부산시 사상구 세원빌딩,기타시설,기타,완속,AC완속,타기관(보조금),GS차지비,,AC완속,이용가능,"35.1411349,128.9885972"
전북특별자치도,전주시,전북특별자치도 전주시 덕진구 추탄로 61,하가더루벤스 (완속충전기),공동주택시설,아파트,완속,AC완속,타기관(보조금),스타코프,,AC완속,이용가능,"35.846368346,127.10840025"
경기도,용인시,경기도 용인시 기흥구 용구대로2469번길 161,E1 용인청정 전기차 충전소,상업시설,주유소,급속,DC콤보,타기관,E1,,DC콤보,이용가능,"37.3211636,127.1042523"
강원특별자치도,춘천시,강원특별자치도 춘천시 신북읍 사랑말길 145,춘천시 춘천장어마을,상업시설,음식점,완속,AC완속,타기관(보조금),GS차지비,,AC완속,이용가능,"37.936889668877,127.744770947"
서울특별시,강남구,서울특별시 강남구 자곡로 191,강남푸르지오시티1차오피스텔,공동주택시설,아파트,완속,AC완속,타기관,GS차지비,,AC완속,이용가능,"37.474870148,127.10357562"
서울특별시,구로구,서울특별시 구로구 구일로10길 27,에스케이허브수아파트,기타시설,오피스텔,완속,AC완속,타기관(보조금),GS차지비,,AC완속,이용가능,"37.4959404,126.8722666"
인천광역시,연수구,인천광역시 연수구 옥련로99번길 44,인천시 연수구 아주아파트,공동주택시설,아파트,완속,AC완속,타기관(보조금),GS차지비,,AC완속,이용가능,"37.4272220,126.6525279"
대전광역시,서구,대전광역시 서구 도산로 8,도마e편한세상포레나 (완속충전기),공동주택시설,아파트,완속,AC완속,타기관,스타코프,,AC완속,이용가능,"36.311624590,127.38444664"
충청남도,천안시,충청남도 천안시 동남구 신부15길 7,충남청안 한화아파트,공동주택시설,아파트,완속,AC완속,타기관,에버온,,AC완속,이용가능,"36.820267724,127.16193403"
경상남도,양산시,경상남도 양산시 물금읍 백호로 155,양산신도시4차동원로얄듀크비스타,공동주택시설,아파트,완속,AC완속,타기관,휴맥스이브이,,AC완속,이용가능,"35.3127808,129.0089677"
대구광역시,북구,대구광역시 북구 칠곡중앙대로 403-1,엘리젤 모텔,상업시설,숙박시설,완속,AC완속,타기관,차지인,,AC완속,이용가능,"35.9318720,128.5478607"
대전광역시,동구,대전광역시 동구 신기로 112,대전가오초등학교,교육문화시설,학교,완속,AC완속,타기관,볼타,,AC완속,이용가능,"36.310174,127.458459"
경상북도,경산시,경상북도 경산시 대학로 280,영남대학교(경산),교육문화시설,학교,완속,AC완속,타기관,파킹클라우드,,AC완속,이용가능,"35.830491,128.752180"
제주특별자치도,서귀포시,제주특별자치도 서귀포시 안덕면 한창로 340,헬로키티아일랜드,관광시설,전시관,급속,DC차데모+DC콤보,타기관,한국전기차충전서비스,,DC차데모+DC콤보,이용가능,"33.288597,126.352664"
경상남도,사천시,경상남도 사천시 용현면 용현로 87,사천덕산아내아파트,공동주택시설,아파트,완속,AC완속,타기관(보조금),GS차지비,,AC완속,이용가능,"35.0071,128.063"
부산광역시,기장군,부산광역시 기장군 기장읍 동부산관광7로 17,오시리아 스위첸마티에 관리단,기타시설,오피스텔,완속,AC완속,타기관(보조금),파워큐브,,AC완속,이용가능,"35.188722959,129.21349682"
서울특별시,성동구,서울특별시 성동구 무학봉길 48,하왕십리 공영주차장,주차시설,공영주차장,완속,AC완속,타기관,스타코프,,AC완속,이용가능,"37.560241,127.027901"
부산광역시,기장군,부산광역시 기장군 기장읍 기장해안로 147,롯데프리미엄아울렛 동부산점,상업시설,백화점,완속,AC완속,타기관,이브이시스,,AC완속,이용가능,"35.190242396,129.21136437"
충청북도,청주시,충청북도 청주시 흥덕구 대농로 17,청주시 신영지웰시티1차,공동주택시설,아파트,완속,AC완속,타기관,GS차지비,,AC완속,이용가능,"36.642739668,127.42510239"
제주특별자치도,제주시,제주특별자치도 제주시 노연로 12,드림타워 전기차충전소 지하5층 AB구역,상업시설,숙박시설,완속,AC완속,타기관,제주전기자동차서비스,,AC완속,이용가능,"33.4853,126.4815"
경기도,양주시,경기도 양주시 만송로 244,(주)로얄개발(레이크우드cc),공동주택시설,사업장(사옥),완속,AC완속,타기관,GS차지비,,AC완속,이용가능,"37.784758994,127.08712549"
세종특별자치시,세종특별자치시,세종특별자치시 새롬중앙로 34,세종 크리스마스빌딩,기타시설,기타,완속,AC완속,타기관,이카플러그,,AC완속,이용가능,"36.484591916,127.25249257"
강원특별자치도,원주시,강원특별자치도 원주시 만대로 119,무실6단지휴먼시아,공동주택시설,아파트,완속,AC완속,타기관,휴맥스이브이,,AC완속,이용가능,"37.337167017,127.91974870"
서울특별시,양천구,서울특별시 양천구 목동서로 155,서울양천 목동파라곤오피스텔,공동주택시설,아파트,완속,AC완속,타기관,에버온,,AC완속,이용가능,"37.5299956,126.875072"
부산광역시,연제구,부산광역시 연제구 중앙대로 1217,국제문화센터,기타시설,기타,완속,AC완속,타기관(보조금),LG유플러스,,AC완속,이용가능,"35.195916,129.079314"
전북특별자치도,김제시,전북특별자치도 김제시 금구면 봉두로 132,삼성생명전주연수소,공동주택시설,사업장(사옥),완속,AC완속,타기관,채비,,AC완속,이용가능,"35.776973000,127.016301"
경기도,의왕시,경기도 의왕시 왕소나무길 18,기아오토큐 월암점 (급),차량정비시설,서비스센터,급속,DC콤보,타기관,이지차저,,DC콤보,이용가능,"37.303599502,126.95563778"
서울특별시,구로구,"서울특별시 구로구 남부순환로 775 (개봉동, 개봉푸르지오)",개봉푸르지오아파트,공동주택시설,아파트,완속,AC완속,타기관(보조금),GS차지비,,AC완속,이용가능,"37.500339,126.848120"
서울특별시,강서구,서울특별시 강서구 양천로 542,기아 강서서비스센터,공동주택시설,사업장(사옥),완속,AC완속,타기관,스타코프,,AC완속,이용가능,"37.558518477,126.85901917"
대구광역시,수성구,대구광역시 수성구 무열로 47,만촌태왕리더스,공동주택시설,아파트,완속,AC완속,타기관(보조금),씨어스,,AC완속,이용가능,"35.8631795,128.647862"
경상남도,양산시,"경상남도 양산시 양주로 32 (남부동, 양산신도시동원로얄듀크)",양산동원로얄듀크,공동주택시설,아파트,완속,AC완속,타기관(보조금),GS차지비,,AC완속,이용가능,"35.331049,129.027474"
경기도,광명시,경기도 광명시 일직로 17,롯데몰 광명점,상업시설,마트(쇼핑몰),급속,DC콤보,타기관,이브이시스,,DC콤보,이용가능,"37.4242712,126.8847479"
강원특별자치도,양구군,강원특별자치도 양구군 방산면 성곡로 1562-8,포레스트벨리,기타시설,기타,완속,AC완속,타기관,쿨사인,,AC완속,이용가능,"38.1860718,127.9516507"
경기도,시흥시,경기도 시흥시 역전로 300,스카이드림씨티2동오피스텔,기타시설,오피스텔,완속,AC완속,타기관(보조금),이카플러그,,AC완속,이용가능,"37.3526052,126.7394569"
전라남도,목포시,전라남도 목포시 원형서로 15,롯데마트맥스 목포점,상업시설,마트(쇼핑몰),급속,DC콤보,타기관,이브이시스,,DC콤보,이용가능,"34.7972464,126.4294676"
강원특별자치도,원주시,강원특별자치도 원주시 문막읍 원문로 1700,서원주코아루아너스,공동주택시설,아파트,완속,AC완속,타기관,휴맥스이브이,,AC완속,이용가능,"37.315433281,127.82576086"
경기도,구리시,경기도 구리시 동구릉로136번길 47,롯데아울렛 구리점,상업시설,마트(쇼핑몰),완속,AC완속,타기관,이브이시스,,AC완속,이용가능,"37.6122158,127.1403509"
경상남도,창원시,경상남도 창원시 마산회원구 양덕로 151,경남창원 한일타운2차아파트202동,공동주택시설,아파트,완속,AC완속,타기관,에버온,,AC완속,이용가능,"35.231991963,128.58210689"
강원특별자치도,춘천시,강원특별자치도 춘천시 보안길 36,강원춘천 후평우미린아파트 P3,공동주택시설,아파트,완속,AC완속,타기관,에버온,,AC완속,이용가능,"37.877971519,127.75271856"
경기도,고양시,경기도 고양시 일산동구 숲속마을로 14-7,풍동제3공영주차장,주차시설,공영주차장,급속,DC차데모+DC콤보,타기관,한국전기차충전서비스,,DC차데모+DC콤보,이용가능,"37.667738,126.800965"
대전광역시,동구,대전광역시 동구 한남로67번길 193,다우 갤러리 휴리움 아파트,공동주택시설,아파트,완속,AC완속,타기관,스타코프,,AC완속,이용가능,"36.345289119,127.42519358"
경기도,평택시,경기도 평택시 지제동삭1로 91,힐스테이트지제역,공동주택시설,아파트,완속,AC완속,타기관(보조금),스타코프,,AC완속,이용가능,"37.0219837,127.0791751"
인천광역시,강화군,인천광역시 강화군 길상면 장흥로 217,강화 씨사이드리조트(실외주차장),상업시설,숙박시설,완속,AC완속,타기관,서울씨엔지,,AC완속,이용가능,"37.6171221,126.4981148"
전라남도,목포시,전라남도 목포시 고하대로 641-10,전남목포 신안비치2차아파트,공동주택시설,아파트,완속,AC완속,타기관(보조금),에버온,,AC완속,이용가능,"34.807479085768,126.368875807"
전북특별자치도,완주군,전북특별자치도 완주군 삼례읍 동학로 36-13,완주군 에이스모텔,상업시설,숙박시설,완속,AC완속,타기관(보조금),GS차지비,,AC완속,이용가능,"35.910603257155,127.075705686"
충청북도,청주시,충청북도 청주시 상당구 중고개로 288,충북청주 장자마을7단지부영(P3),공동주택시설,아파트,완속,AC완속,타기관(보조금),에버온,,AC완속,이용가능,"36.630278851978,127.508770433"
서울특별시,강남구,서울특별시 강남구 논현로 164,튼튼영어 (주)유니북스,기타시설,기타,완속,AC완속,타기관,이브이씨코리아,,AC완속,이용가능,"37.484312,127.042167"
서울특별시,강남구,서울특별시 강남구 도산대로17길 30,서울용산 오리온홀딩스,공동주택시설,사업장(사옥),완속,AC완속,타기관,에버온,,AC완속,이용가능,"37.5356721,126.9695135"
서울특별시,마포구,서울특별시 마포구 월드컵북로 501,상암월드컵파크9단지 911동,공동주택시설,아파트,완속,AC완속,타기관(보조금),이지차저,,AC완속,이용가능,"37.5833581,126.8789018"
인천광역시,남동구,인천광역시 남동구 선수촌로 55,구월아시아드 선수촌아파트 103동,공동주택시설,아파트,완속,AC완속,타기관,이지차저,,AC완속,이용가능,"37.4452069,126.7129905"
경기도,고양시,경기도 고양시 덕양구 동송로 23-50 (동산동),경기고양 아이엠삼송오피스텔 4,기타시설,오피스텔,완속,AC완속,타기관(보조금),에버온,,AC완속,이용가능,"37.6482349,126.8917058"
경기도,용인시,경기도 용인시 기흥구 사은로126번길 10,경기용인 민속마을쌍용아파트11(B2),공동주택시설,아파트,완속,AC완속,타기관,에버온,,AC완속,이용가능,"37.25168658,127.1175604"
전라남도,나주시,전라남도 나주시 그린로 125,광주전남혁신2단지 부영아파트,공동주택시설,아파트,완속,AC완속,타기관(보조금),레드이엔지,,AC완속,이용가능,"35.013,126.782"
대전광역시,유성구,대전광역시 유성구 가정로 76,대전 유성 한화케미칼 중앙연구소 지상주차장,기타시설,기타,급속,DC콤보,타기관,한화솔루션,,DC콤보,이용가능,"36.383715,127.351725"
제주특별자치도,서귀포시,제주특별자치도 서귀포시 색달동 2889-1,중문 관광단지,관광시설,관광지,급속,급속(50kW),환경부,환경부(협회),급속(50kW),DC차데모+AC3상+DC콤보,이용가능,"33.2461812,126.4143365"
서울특별시,노원구,서울특별시 노원구 화랑로 325,서울시 노원구 우현빌딩,기타시설,기타,완속,AC완속,타기관(보조금),GS차지비,,AC완속,이용가능,"37.6149530,127.0640434"
전북특별자치도,완주군,전북특별자치도 완주군 삼례읍 삼례리 896-13,삼례공영주차장,주차시설,공영주차장,급속,급속(200kW동시),환경부,환경부(협회),급속(200kW동시),DC콤보,이용가능,"35.9121028,127.0758181"
서울특별시,양천구,서울특별시 양천구 신정이펜1로 20,서남병원,근린생활시설,병원,완속,AC완속,타기관,채비,,AC완속,이용가능,"37.512187,126.833078"
경기도,광명시,경기도 광명시 일직로 17,롯데몰 광명점,상업시설,마트(쇼핑몰),급속,DC콤보,타기관,이브이시스,,DC콤보,이용가능,"37.4242712,126.8847479"
서울특별시,은평구,서울특별시 은평구 통일로 1050,롯데마트 은평점,상업시설,마트(쇼핑몰),완속,AC완속,타기관,이브이시스,,AC완속,이용가능,"37.6385121,126.9181413"
제주특별자치도,제주시,제주특별자치도 제주시 노연로 100,신라스테이제주,상업시설,숙박시설,완속,AC완속,타기관,신세계아이앤씨,,AC완속,이용가능,"33.4855,126.491"
부산광역시,동래구,부산광역시 동래구 아시아드대로134번길 14,쌍용더플래티넘사직아시아드,공동주택시설,아파트,완속,AC완속,타기관,이지차저,,AC완속,이용가능,"35.1964728,129.0667632"
전라남도,완도군,전라남도 완도군 신지면 울몰길 81,신지더편안리조트,상업시설,숙박시설,완속,AC완속,타기관(보조금),신세계아이앤씨,,AC완속,이용가능,"34.326752,126.831255"
충청남도,홍성군,충청남도 홍성군 홍성읍 문화로72번길 50,홍성남장이안아파트,공동주택시설,아파트,완속,AC완속,타기관,휴맥스이브이,,AC완속,이용가능,"36.591274549,126.66377700"
충청남도,천안시,충청남도 천안시 동남구 쉼1길 42 (삼룡동)173-1,천안삼거리(서울) 휴게소,휴게시설,고속도로 휴게소,급속,급속(50kW),환경부,환경부(협회),급속(50kW),DC차데모+AC3상+DC콤보,이용가능,"36.7882107,127.1735101"
제주특별자치도,제주시,제주특별자치도 제주시 청사로 59,정부제주지방합동청사_옥외주차장,공공시설,공공기관,완속,AC완속,타기관,휴맥스이브이,,AC완속,이용가능,"33.490865046,126.52505846"
전라남도,목포시,전라남도 목포시 삼학로 154,목포시 봉황장례식장,근린생활시설,병원,완속,AC완속,타기관(보조금),GS차지비,,AC완속,이용가능,"34.7867545,126.4006104"
경기도,화성시,경기도 화성시 동탄기흥로 614,경기화성 동탄더퍼스트타워2차 1,공동주택시설,사업장(사옥),완속,AC완속,타기관(보조금),에버온,,AC완속,이용가능,"37.2154115,127.0952288"
경기도,용인시,경기도 용인시 기흥구 죽전로 20,죽전누리에뜰,공동주택시설,아파트,완속,AC완속,타기관(보조금),씨어스,,AC완속,이용가능,"37.3200176,127.111144"
서울특별시,강남구,서울특별시 강남구 개포로110길 15,개포7차우성아파트,공동주택시설,아파트,완속,AC완속,타기관(보조금),클린일렉스,,AC완속,이용가능,"37.4920292,127.0775192"
경기도,용인시,경기도 용인시 수지구 동천로 64,용인시 동천디이스트아파트,공동주택시설,아파트,완속,AC완속,타기관(보조금),GS차지비,,AC완속,이용가능,"37.34,127.096"
인천광역시,연수구,인천광역시 연수구 랜드마크로 110,송도오션파크베르디움 105동 지하1층 주차장 49기둥,공동주택시설,아파트,완속,AC완속,타기관(보조금),이지차저,,AC완속,이용가능,"37.4159199,126.6183747"
전북특별자치도,전주시,전북특별자치도 전주시 완산구 호암로 2,효자휴먼시아 1단지,공동주택시설,아파트,완속,AC완속,타기관,한화솔루션,,AC완속,이용가능,"35.8083393,127.0968366"
인천광역시,남동구,인천광역시 남동구 염전로425번길 17,에코파크힐(더지움 종합건설) ,공동주택시설,아파트,완속,AC완속,타기관,클린일렉스,,AC완속,이용가능,"37.46998,126.68745"
경기도,용인시,경기도 용인시 기흥구 동백중앙로16번길 16-25,용인시 대우프론티어밸리1차,기타시설,기타,완속,AC완속,타기관(보조금),GS차지비,,AC완속,이용가능,"37.2568194,127.1678891"
서울특별시,관악구,서울특별시 관악구 인헌12길 46-1,서울관악 은천2단지아파트,공동주택시설,아파트,완속,AC완속,타기관,에버온,,AC완속,이용가능,"37.4706655,126.964564"
경상남도,김해시,경상남도 김해시 진영읍 장등1로31번길 7,진영휴먼빌 커뮤니티케이션앞 지하 d20기둥,공동주택시설,아파트,완속,AC완속,타기관(보조금),이지차저,,AC완속,이용가능,"35.3147501,128.7378713"
울산광역시,울주군,울산광역시 울주군 청량읍 삼정로 811,울산울주_덕하신일해피트리,공동주택시설,아파트,완속,AC완속,타기관(보조금),에버온,,AC완속,이용가능,"35.488387480400,129.303337590"
경기도,화성시,경기도 화성시 동탄순환대로17길 24,한국도로공사 도로교통연구원,공공시설,공공기관,완속,AC완속,타기관,SK일렉링크,,AC완속,이용가능,"37.175125,127.117475"
충청남도,아산시,충청남도 아산시 탕정면 탕정로 320,충남아산삼성디스플레이5,기타시설,기타,완속,AC완속,타기관,한국전기차인프라기술,,AC완속,이용가능,"36.8171027,127.0558358"
강원특별자치도,춘천시,강원특별자치도 춘천시 지석로 29,춘천휴먼타운4주차장,공동주택시설,아파트,완속,AC완속,타기관(보조금),한국전기차인프라기술,,AC완속,이용가능,"37.8540945,127.7397671"
경기도,용인시,경기도 용인시 수지구 만현로133번길 33,경기용인 상현엘지자이아파트10,공동주택시설,아파트,완속,AC완속,타기관,에버온,,AC완속,이용가능,"37.304786685,127.09079293"
경기도,고양시,경기도 고양시 덕양구 백양로 64,고양시 옥빛마을일신13단지,공동주택시설,아파트,완속,AC완속,타기관,GS차지비,,AC완속,이용가능,"37.631400933,126.83436465"
충청남도,천안시,충청남도 천안시 동남구 성황5길 17,천안공업고등학고 (우측),교육문화시설,학교,완속,AC완속,타기관,투이스이브이씨,,AC완속,이용가능,"36.8155689,127.155989"
부산광역시,강서구,부산광역시 강서구 명지국제2로28번길 34,부산명지에코팰리스,기타시설,오피스텔,완속,AC완속,타기관,클린일렉스,,AC완속,이용가능,"35.0928298,128.9088753"
경기도,용인시,경기도 용인시 기흥구 기흥단지로 46,용인시 HL인재개발원,공동주택시설,사업장(사옥),완속,AC완속,타기관(보조금),GS차지비,,AC완속,이용가능,"37.224906845,127.10503180"
제주특별자치도,제주시,제주특별자치도 제주시 한림읍 한림상로 240-16,셀플러스 워시큐브,기타시설,기타,급속,DC차데모+AC3상+DC콤보,타기관,제주전기자동차서비스,,DC차데모+AC3상+DC콤보,이용가능,"33.420008385,126.26899387"
경기도,오산시,경기도 오산시 수청로 165,오산 죽미마을휴튼9단지아파트,공동주택시설,아파트,완속,AC완속,타기관,한국전자금융,,AC완속,이용가능,"37.1782338,127.048084"
강원특별자치도,춘천시,강원특별자치도 춘천시 하중도길 390-27,BMW 차징스테이션 레고랜드리조트,상업시설,숙박시설,완속,AC완속,타기관,GS차지비,,AC완속,이용가능,"37.8884224,127.6999827"
대구광역시,수성구,대구광역시 수성구 용학로 272,범물태성한라창신101동102동,공동주택시설,아파트,완속,AC완속,타기관(보조금),GS차지비,,AC완속,이용가능,"35.8204985,128.6393834"
부산광역시,서구,부산광역시 서구 원양로 35,부산국제수산물도매시장,상업시설,마트(쇼핑몰),완속,AC완속,타기관,SK일렉링크,,AC완속,이용가능,"35.059019928,129.01170683"
전북특별자치도,부안군,전북특별자치도 부안군 행안면 행안중앙로 8,제일자동차공업사,공동주택시설,사업장(사옥),완속,AC완속,타기관(보조금),GS차지비,,AC완속,이용가능,"35.71259,126.71288"
경상북도,칠곡군,경상북도 칠곡군 북삼읍 북삼로 188-5,숭오용우아파트 B1,공동주택시설,아파트,완속,AC완속,타기관(보조금),이지차저,,AC완속,이용가능,"36.0647931,128.3325874"
전라남도,여수시,"전라남도 여수시 박람회길 61 (덕충동, 엑스포힐스테이트1단지)",엑스포힐스테이트1,공동주택시설,아파트,완속,AC완속,타기관(보조금),에버온,,AC완속,이용가능,"34.75221502051,127.7430151356"
부산광역시,사하구,부산광역시 사하구 다대낙조2길 100,다대롯데캐슬몰운대(301동-411동),공동주택시설,아파트,완속,AC완속,타기관(보조금),LG유플러스,,AC완속,이용가능,"35.055380,128.964833"
부산광역시,부산진구,부산광역시 부산진구 가야대로468번길 55,가야중복도로 공영주차장,주차시설,공영주차장,급속,DC콤보,타기관,SK일렉링크,,DC콤보,이용가능,"35.1507204,129.0225807"
서울특별시,노원구,서울특별시 노원구 중계로14나길 25,중계삼성아파트,공동주택시설,아파트,완속,AC완속,타기관(보조금),클린일렉스,,AC완속,이용가능,"37.6493509,127.0830452"
경기도,고양시,경기도 고양시 덕양구 향기로 112,경기고양 디엠씨하우스디NHF아파트,공동주택시설,아파트,완속,AC완속,타기관(보조금),에버온,,AC완속,이용가능,"37.600054356,126.89488041"
경기도,성남시,경기도 성남시 분당구 돌마로 52,분당 MD프라자,상업시설,마트(쇼핑몰),완속,AC완속,타기관,한국전자금융,,AC완속,이용가능,"37.349681027,127.10775018"
서울특별시,성동구,서울특별시 성동구 둘레15길 8,태진운수,기타시설,기타,급속,DC콤보,타기관,펌프킨,,DC콤보,이용가능,"37.53546,127.05559"
경기도,평택시,경기도 평택시 용죽1로 14,평택시 평택비전푸르지오,공동주택시설,아파트,완속,AC완속,타기관(보조금),GS차지비,,AC완속,이용가능,"36.9958984,127.1197665"
부산광역시,영도구,부산광역시 영도구 절영로 504,조양비취맨션,공동주택시설,아파트,완속,AC완속,타기관(보조금),LG유플러스,,AC완속,이용가능,"35.0709376,129.0707679"
서울특별시,서초구,서울특별시 서초구 서초대로34길 34,방배e-편한세상1차,주차시설,일반주차장,완속,AC완속,타기관,스타코프,,AC완속,이용가능,"37.487246659,126.99901481"
경기도,화성시,경기도 화성시 양감면 요댕이길 149-19,동운로지스,기타시설,기타,급속,DC콤보,타기관,한화솔루션,,DC콤보,이용가능,"37.0734954,126.9366578"
서울특별시,종로구,서울특별시 종로구 사직로8길 4,광화문스페이스본1단지아파트,공동주택시설,아파트,완속,AC완속,타기관,GS차지비,,AC완속,이용가능,"37.574381400,126.96861870"
경상북도,구미시,경상북도 구미시 3공단3로 302,삼성전자 구미 2공장 (완속충전기),공동주택시설,사업장(사옥),완속,AC완속,타기관(보조금),스타코프,,AC완속,이용가능,"36.1096007,128.4158019"
경기도,용인시,경기도 용인시 기흥구 공세로 134,기아오토큐 공세점,차량정비시설,서비스센터,완속,AC완속,타기관(보조금),SK일렉링크,,AC완속,이용가능,"37.2360828,127.1087847"
충청북도,청주시,충청북도 청주시 청원구 율량로 17,충북청주 청주율량2LH1단지아파트 1,공동주택시설,아파트,완속,AC완속,타기관,에버온,,AC완속,이용가능,"36.673725269,127.48859981"
서울특별시,중랑구,서울특별시 중랑구 면목천로 33,중랑구시설관리공단(면목유수지공영주차장),주차시설,공영주차장,완속,AC완속,타기관,클린일렉스,,AC완속,이용가능,"37.5792087,127.0812079"
서울특별시,도봉구,서울특별시 도봉구 도봉로150다길 28,지음재힐스아파트,공동주택시설,아파트,완속,AC완속,타기관,GS차지비,,AC완속,이용가능,"37.667410710,127.04478754"
전라남도,광양시,전라남도 광양시 봉강면 명암길 7,전남광양 광양수영장,공공시설,지자체시설,완속,AC완속,타기관,에버온,,AC완속,이용가능,"34.980498250,127.57299660"
부산광역시,남구,부산광역시 남구 용소로 68,도로교통공단 부산교통방송,공공시설,공공기관,완속,AC완속,타기관,채비,,AC완속,이용가능,"35.131086,129.10168000"
인천광역시,계양구,인천광역시 계양구 봉오대로 785,이마트계양점,상업시설,마트(쇼핑몰),완속,AC완속,타기관(보조금),신세계아이앤씨,,AC완속,이용가능,"37.531,126.7369"
경기도,양주시,경기도 양주시 고읍남로39번길 84,경기양주_해동마을한양수자인3차아파트,공동주택시설,아파트,완속,AC완속,타기관(보조금),에버온,,AC완속,이용가능,"37.788055997803,127.078503917"
서울특별시,송파구,서울특별시 송파구 법원로 128,문정SKV1GL메트로시티,공동주택시설,아파트,완속,AC완속,타기관,스타코프,,AC완속,이용가능,"37.4868456,127.12049"
경기도,파주시,경기도 파주시 경의로 1180,파주공원관리사업소,관광시설,공원,완속,AC완속,타기관,SK시그넷,,AC완속,이용가능,"37.722809,126.761439"
서울특별시,양천구,서울특별시 양천구 목동로11길 8,서울 양천구 목동로11길 8 (저압수용가),기타시설,기타,완속,AC완속,타기관,스타코프,,AC완속,이용가능,"37.523478,126.86405"
대구광역시,달서구,대구광역시 달서구 갈밭남로 12,수목원제일풍경채,공동주택시설,아파트,완속,AC완속,타기관,한화솔루션,,AC완속,이용가능,"35.7976973,128.5310286"
경상남도,진주시,경상남도 진주시 초북로 55,초전해모로루비채4단지 408동 지하1층주차장,공동주택시설,아파트,완속,AC완속,타기관(보조금),이지차저,,AC완속,이용가능,"35.211739,128.1087339"
서울특별시,중랑구,서울특별시 중랑구 망우로 203,중화동동양엔파트1차아파트,공동주택시설,아파트,완속,AC완속,타기관,스타코프,,AC완속,이용가능,"37.593995643,127.07500898"
대구광역시,달성군,대구광역시 달성군 다사읍 대실역남로 35,죽곡청아람리슈빌4단지 (완속충전기),공동주택시설,아파트,완속,AC완속,타기관,스타코프,,AC완속,이용가능,"35.854314850,128.46488501"
인천광역시,연수구,인천광역시 연수구 인천타워대로197번길 16,인천송도 메가와티,주차시설,일반주차장,급속,DC차데모+AC3상+DC콤보,타기관,에버온,,DC차데모+AC3상+DC콤보,이용가능,"37.3890043,126.6353273"
서울특별시,강서구,서울특별시 강서구 양천로 424,가양 데시앙플렉스 (완속충전기),기타시설,오피스텔,완속,AC완속,타기관(보조금),스타코프,,AC완속,이용가능,"37.5642277,126.847971"
인천광역시,연수구,인천광역시 연수구 아트센터대로97번길 56,송도더샵하버뷰2,공동주택시설,아파트,완속,AC완속,타기관(보조금),GS차지비,,AC완속,이용가능,"37.397786,126.643227"
서울특별시,강서구,서울특별시 강서구 양천로47길 118,마곡벽산아파트,공동주택시설,아파트,완속,AC완속,타기관(보조금),GS차지비,,AC완속,이용가능,"37.575728,126.837665"
경기도,김포시,경기도 김포시 김포대로926번길 46,풍년마을삼성아파트,공동주택시설,아파트,완속,AC완속,타기관(보조금),클린일렉스,,AC완속,이용가능,"37.6241862,126.715382"
경기도,성남시,경기도 성남시 중원구 둔촌대로 484 (상대원동) ,시콕스타워A동,공동주택시설,사업장(사옥),완속,AC완속,타기관(보조금),에버온,,AC완속,이용가능,"37.431125,127.17087137"
부산광역시,해운대구,부산광역시 해운대구 센텀2로 20,센텀타워메디컬,기타시설,기타,완속,AC완속,타기관,파워큐브,,AC완속,이용가능,"35.167197011,129.13203905"
전라남도,목포시,전라남도 목포시 남악2로22번길 15,목포시 우미파렌하이트아파트,공동주택시설,아파트,완속,AC완속,타기관,GS차지비,,AC완속,이용가능,"34.807818844,126.45429727"
강원특별자치도,화천군,강원특별자치도 화천군 화천읍 산천어길 188,강원특별자치도 도로관리사업소(북부지소),공공시설,공공기관,완속,AC완속,타기관,휴맥스이브이,,AC완속,이용가능,"38.114702458,127.70328901"
경기도,용인시,경기도 용인시 기흥구 흥덕중앙로105번길 41,흥덕11단지경남아너스빌,공동주택시설,아파트,완속,AC완속,타기관(보조금),휴맥스이브이,,AC완속,이용가능,"35.164067690,128.82432259"
서울특별시,종로구,서울특별시 종로구 세종대로 지하189,서울종로 세종로공영주차장3,주차시설,공영주차장,완속,AC완속,타기관(보조금),에버온,,AC완속,이용가능,"37.5738605,126.9763862"
울산광역시,북구,울산광역시 북구 진장유통로 64,롯데마트 진장점,상업시설,마트(쇼핑몰),급속,DC콤보,타기관,이브이시스,,DC콤보,이용가능,"35.5758726,129.3573416"
충청남도,아산시,충청남도 아산시 박물관로 13,충남아산 권곡주공아파트1,공동주택시설,아파트,완속,AC완속,타기관(보조금),에버온,,AC완속,이용가능,"36.7931781,127.0102406"
경상남도,통영시,경상남도 통영시 통영해안로 267,한산대첩광장지하주차장,주차시설,공영주차장,급속,DC콤보,타기관(보조금),휴맥스이브이,,DC콤보,이용가능,"34.8404207,128.4242661"
경기도,화성시,경기도 화성시 삼성전자로 1,삼성전자 화성캠퍼스 1공장,공동주택시설,사업장(사옥),완속,AC완속,타기관,스타코프,,AC완속,이용가능,"37.2160806,127.0673259"
부산광역시,서구,부산광역시 서구 구덕로 187,부산시 서구 부산대학교병원,근린생활시설,병원,완속,AC완속,타기관(보조금),GS차지비,,AC완속,이용가능,"35.101423082,129.01874858"
인천광역시,연수구,인천광역시 연수구 송도동 8-5,제4공영주차장 (급),주차시설,공영주차장,급속,DC콤보,타기관,이지차저,,DC콤보,이용가능,"37.385351918,126.64330362"
제주특별자치도,제주시,제주특별자치도 제주시 도리로 254(도두이동),제주하수처리장,공공시설,지자체시설,완속,AC완속,지자체,제주특별자치도,,AC완속,이용가능,"33.507502,126.477086"
경기도,용인시,경기도 용인시 기흥구 서천로201번길 14,용인시 원희캐슬기흥서천지식산업센터,공동주택시설,사업장(사옥),완속,AC완속,타기관,GS차지비,,AC완속,이용가능,"37.230025815,127.07180017"
경상북도,경주시,경상북도 경주시 보불로 391,BMW 차징스테이션 경주블루원클럽하우스,상업시설,골프장(CC),완속,AC완속,타기관,GS차지비,,AC완속,이용가능,"35.8227630,129.2952662"
경상북도,봉화군,경상북도 봉화군 춘양면 춘양로 1501,국립백두대간수목원 방문자센터 주차장,주차시설,공영주차장,급속,급속(100kW단독),환경부,환경부(협회),급속(100kW단독),DC콤보,이용가능,"37.0093926,128.8295291"
서울특별시,관악구,서울특별시 관악구 과천대로 909,홈플러스 서울남현점,상업시설,마트(쇼핑몰),완속,DC콤보(완속),타기관,채비,,DC콤보(완속),이용가능,"37.471473,126.982455"
대구광역시,동구,대구광역시 동구 이노밸리로29길 56,대구혁신도시 서한 이다음,공동주택시설,아파트,완속,AC완속,타기관,스타코프,,AC완속,이용가능,"35.884984079,128.71428594"
경상남도,함양군,경상남도 함양군 서상면 칠형정뒷길 16,서상시장,주차시설,공영주차장,급속,DC콤보,타기관,한국전력,,DC콤보,이용가능,"35.6798,127.6880"
제주특별자치도,제주시,제주특별자치도 제주시 용담2동 1950-5,제주공항,공공시설,공공기관,급속,DC차데모+AC3상+DC콤보,타기관,한국전력,,DC차데모+AC3상+DC콤보,이용가능,"33.50475714141,126.4933755391"
서울특별시,동대문구,서울특별시 동대문구 장안벚꽃로 107,동대문 장안현대홈타운,공동주택시설,아파트,완속,AC완속,타기관,한국전자금융,,AC완속,이용가능,"37.57105,127.07511"
부산광역시,연제구,부산광역시 연제구 연수로 89,이마트 연제점,상업시설,마트(쇼핑몰),급속,DC콤보,타기관,SK일렉링크,,DC콤보,이용가능,"35.176154,129.0813217"
충청북도,청주시,충청북도 청주시 흥덕구 대농로 55,두산위브지웰시티2차 1충전소(ENH),공동주택시설,아파트,완속,AC완속,타기관(보조금),이앤에이치에너지,,AC완속,이용가능,"36.64373,127.42865"
경기도,용인시,경기도 용인시 처인구 유림로154번길 46,DTC 효능평가센터,공동주택시설,아파트,완속,AC완속,타기관,휴맥스이브이,,AC완속,이용가능,"37.263955557,127.19795813"
전북특별자치도,전주시,전북특별자치도 전주시 완산구 효자천변2길 23-6,전북전주 삼성효자타운아파트 1,공동주택시설,아파트,완속,AC완속,타기관,에버온,,AC완속,이용가능,"35.805066218,127.11548643"
